标签名,标签ID,BV号,标题,发布时间戳,发布时间_ISO8601_北京时间,播放量,评论数_reply,弹幕数,时长秒,UP主MID,UP主昵称,页码_抓取时
萩原研二,5726824,BV1Nne4zWEC6,【警校组声真似 with白马/生肉】みんなで仲良くR.E.P.O！,1756091123,2025-08-25 11:05:23,1691,12,19,4928,2158416,Murasame_Akari,1
萩原研二,5726824,BV1NZfPBTEh1,柯南M29剧场版《高速公路的堕天使》90秒预告 主题曲《和你的最后一舞》MISIA,1771794326,2026-02-23 05:05:26,1481,5,0,182,16219537,絶対女王,1
萩原研二,5726824,BV1hDJwzREMo,【警校组】绝对会被幼驯染包围的世界vs绝对没有幼驯染的男人,1747482733,2025-05-17 19:52:13,2755,21,2,65,179987980,Alpacava,1
萩原研二,5726824,BV1A5U5Y6E3q,hagi的发光卡套终于到货了！刷一下就亮，炫耀一下❤！,1731559791,2024-11-14 12:49:51,164,0,0,49,150613270,一一零七喵喵喵,1
萩原研二,5726824,BV1Zr84zPE4R,૮ ´͈ ᗜ `͈ ა♡,1753522584,2025-07-26 17:36:24,2056,5,0,13,2048406916,松田志平,1
萩原研二,5726824,BV1mMenzTEFf,【萩松|静画】天国での再会,1756052978,2025-08-25 00:29:38,2416,41,12,250,2147782,在下雨的阿雨,1
萩原研二,5726824,BV1usucztEjE,“你好 …许久不见的挚友”【名侦探柯南｜警校组】,1752385431,2025-07-13 13:43:51,504,4,0,167,16894604,兰兰兰兰兰阿,1
萩原研二,5726824,BV1XotKeKE6s,我不管幼驯染只是你们的借口,1726304972,2024-09-14 17:09:32,909,4,0,11,3546391917889773,格兰利威-,1
萩原研二,5726824,BV1ZznoeNEun,警校五人组,1725102439,2024-08-31 19:07:19,223,2,0,98,508994341,安联王子,1
萩原研二,5726824,BV1fsbwevEZd,警視庁警備部機動隊爆発物処理班              萩原研二,1726850738,2024-09-21 00:45:38,1620,3,0,21,219999060,又茗不是苦茗,1
萩原研二,5726824,BV19R2wBjEfe,【萩松】在那些和你错开的时间里,1762433272,2025-11-06 20:47:52,755,5,0,19,1498796127,某只鬼鬼祟祟的海豹,1
萩原研二,5726824,BV1Na4Jz7E3V,“抱歉了萩原…看样子我无法实现我们的承诺了”,1760088311,2025-10-10 17:25:11,561,4,0,22,3546916348496376,忧郁的碳酸饮料,1
萩原研二,5726824,BV1zNnqzTEAP,[萩松]理理我嘛,1759120190,2025-09-29 12:29:50,681,5,0,16,3546964654295783,Neo04240w0,1
萩原研二,5726824,BV1rtfKBeEEV,名柯M29《高速公路的堕天使》30s特报2,1771806929,2026-02-23 08:35:29,1142,0,0,30,3537118800382343,阿尔法A黑兵,1
萩原研二,5726824,BV1BHtNe3Ezm,【警察学校組声真似】PICO PARK 2【with白馬】,1726291824,2024-09-14 13:30:24,3957,16,26,6701,279438578,kashin_0,1
萩原研二,5726824,BV1o2eMzXEsE,手绘研二：2025年了，还有人记得他吗,1755675070,2025-08-20 15:31:10,1643,11,2,13,7421480,好奇怪的手绘-接定制,1
萩原研二,5726824,BV1cbgGzEEQR,幼驯染但爆处组,1753101830,2025-07-21 20:43:50,79,2,0,12,1150292132,卡慕慕是个大冤种的说,1
萩原研二,5726824,BV1QCfBBCE6s,剧场版《名侦探柯南：高速公路上的堕天使》官方预告片,1771858431,2026-02-23 22:53:51,40,0,0,91,3461575971179332,柯学馆,1
萩原研二,5726824,BV1bXfKB7EFR,【柯南M29】高速公路的堕天使 主题曲MISIA 90s+30s预告,1771802836,2026-02-23 07:27:16,1180,0,2,121,11972834,Mai_way,1
萩原研二,5726824,BV1qNsDzEEVA,29岁无所不能的安室透,1761581618,2025-10-28 00:13:38,1118,2,1,37,3546952524368329,黑泽琳,1
萩原研二,5726824,BV1sUD5BCEp8,柯南M29上映倒计时,1775355575,2026-04-05 10:19:35,182,0,0,77,1621939403,高速公路的残像,2
萩原研二,5726824,BV1yUD5BCEXM,柯南M29角色PV丨萩原研二&松田阵平,1775355523,2026-04-05 10:18:43,901,1,0,15,1200160937,Ultra森涛,2
萩原研二,5726824,BV1pRD5BzE1S,柯南剧场版M29倒计时5天预告,1775354599,2026-04-05 10:03:19,2251,19,0,15,417121751,柯研所DCI,2
萩原研二,5726824,BV1CMDGBAEoK,【4K/中字】柯南M29《高速公路的堕天使》上映前最终预告放出！大量新画面！上映前终极预告！,1775353821,2026-04-05 09:50:21,34363,149,32,126,45053576,QG柯南,2
萩原研二,5726824,BV1kMDGBAEmj,[中字]柯南M29倒计时DAY5预告——松田阵平&萩原研二,1775353794,2026-04-05 09:49:54,1195,5,0,15,702964214,少卿大理寺,2
萩原研二,5726824,BV1yNDGBNEVX,【柯南M29上映倒计时】✧𓆩萩原研二 ┋ 松田阵平𓆪✧,1775353180,2026-04-05 09:39:40,409,0,0,211,11972834,Mai_way,2
萩原研二,5726824,BV1Bb9NBjE35,【警五】清明,1775318400,2026-04-05 00:00:00,763,26,0,27,89809236,下个世界副本见,2
萩原研二,5726824,BV1taDMBcEHd,柯南M29新PV+M30柯南不在！？,1775290487,2026-04-04 16:14:47,7820,53,0,187,11972834,Mai_way,2
萩原研二,5726824,BV157DMBrEoA,【中字】柯南M29「高速公路的堕天使」120s预告公开,1775288684,2026-04-04 15:44:44,2332,44,0,121,702964214,少卿大理寺,2
萩原研二,5726824,BV1nqXqBMEkH,我正在慢慢忘掉你的脸……,1774925771,2026-03-31 10:56:11,456,5,0,28,3546969593088979,哀のMelody,2
萩原研二,5726824,BV1EPX8B2EN3,[中字]柯南M29公开纪念「动作场景篇」|主旋律片段试听！,1774579390,2026-03-27 10:43:10,4404,17,2,304,702964214,少卿大理寺,2
萩原研二,5726824,BV1HsXHBcEPZ,[中字]柯南M29公开纪念「主要角色篇」|主旋律片段试听！,1774492416,2026-03-26 10:33:36,4922,21,0,299,702964214,少卿大理寺,2
萩原研二,5726824,BV1oUAjzvEgu,[中字]萩原千速语音 M29宣发 警校篇,1773972467,2026-03-20 10:07:47,1987,3,0,31,702964214,少卿大理寺,2
萩原研二,5726824,BV1XUwSzSE7w,名偵探柯南 M29高速公路的墮天使 主題曲(純伴奏),1773703227,2026-03-17 07:20:27,1458,2,0,38,3546682973227612,さととたかぎ,2
萩原研二,5726824,BV1CePCzXENc,【爆处组】松田警官收到了奇怪的手机/tell me,1772707475,2026-03-05 18:44:35,2208,14,1,19,554381190,回_ovo,2
萩原研二,5726824,BV1XDAdziEMF,【4K/中字】柯南M29《高速公路的堕天使》IMAX&杜比影院&4D特殊版本预告,1772510256,2026-03-03 11:57:36,3138,14,0,43,45053576,QG柯南,2
萩原研二,5726824,BV1pbAdzQEca,[中字]柯南M29特别制式预告,1772508545,2026-03-03 11:29:05,3178,10,1,43,702964214,少卿大理寺,2
萩原研二,5726824,BV1HhAdznE5W,【柯南M29多版本上映预告】IMAX・MX4D・4DX・DolbyCinema,1772508290,2026-03-03 11:24:50,491,2,0,41,11972834,Mai_way,2
萩原研二,5726824,BV1wuA1zRE8A,名侦探柯南×CarSensor 二手车平台联动CM,1772157251,2026-02-27 09:54:11,2074,4,1,61,702964214,少卿大理寺,2
萩原研二,5726824,BV1dLfUBkEJP,【名侦探柯南手书】爆处组的晚聚焦点,1771955396,2026-02-25 01:49:56,1029,8,0,184,835876,苍白妄想,2
萩原研二,5726824,BV1dUfyBeEjR,m29预告来了 依旧是很美的千速,1771929654,2026-02-24 18:40:54,1636,6,0,18,471149924,香蕉船象鼻鱼,3
萩原研二,5726824,BV145fBBeE8L,【剧场版/本予告】名侦探柯南M29：高速公路的堕天使 90s预告+特报2 (中字特效字幕),1771863310,2026-02-24 00:15:10,1278,14,0,244,39811731,阿库娅桑,3
萩原研二,5726824,BV1CsfMB5Ekv,[中字]新闻—柯南M29主题曲歌手MISIA公布！！,1771820102,2026-02-23 12:15:02,9904,40,1,99,702964214,少卿大理寺,3
萩原研二,5726824,BV1U5fKBVE6F,【4K/中字】柯南M29《高速公路的堕天使》90s终极预告公开！MISIA演唱「与你的最后一舞」！,1771813261,2026-02-23 10:21:01,22134,105,6,94,45053576,QG柯南,3
萩原研二,5726824,BV1DKfKBUEnM,名侦探柯南m29高速公路的堕天使90秒预告,1771811461,2026-02-23 09:51:01,616,1,0,91,372246526,凌空之宇,3
萩原研二,5726824,BV1b9fKB2EFc,【中字】柯南M29「高速公路的堕天使」90s预告公开！！,1771803498,2026-02-23 07:38:18,4680,50,3,91,702964214,少卿大理寺,3
萩原研二,5726824,BV1BhfPB9EnA,【台配国语】踩油门向前冲,1771797768,2026-02-23 06:02:48,552,1,0,233,1488617659,瑪利歐路易吉,3
萩原研二,5726824,BV1e6fPBmEkA,【台配国语】研二：「当警察绝对不会失业」,1771797016,2026-02-23 05:50:16,532,4,1,41,1488617659,瑪利歐路易吉,3
萩原研二,5726824,BV16tfPBdEnG,柯南剧场版M29《高速公路的堕天使》90秒预告,1771795150,2026-02-23 05:19:10,31924,496,41,91,417121751,柯研所DCI,3
萩原研二,5726824,BV1XhZUBBExk,我终于找到了警五代餐,1771359128,2026-02-18 04:12:08,1864,10,1,175,3546793298103122,你们怎么什么都会哇,3
萩原研二,5726824,BV1RNZPBmEXn,【谷子开箱】最最最幸福的开箱，大家除夕快乐！,1771204246,2026-02-16 09:10:46,56,0,0,246,2466240,淳淳_hgmt,3
萩原研二,5726824,BV1GYcczCE8C,柯南主线讲解第27期——通过M29“高速公路的堕天使”的最新海报，得出以下情报……,1770568784,2026-02-09 00:39:44,212,0,0,443,351904314,Vladmir熙,3
萩原研二,5726824,BV1jWcczSE6F,hagi，该回家了……,1770568776,2026-02-09 00:39:36,130,1,0,20,3546733078382815,yz迟,3
萩原研二,5726824,BV1XacczVEmw,永远的爆处双星(*꒦ິ⌓꒦ີ),1770568629,2026-02-09 00:37:09,81,1,0,19,3546733078382815,yz迟,3
萩原研二,5726824,BV1VbcczjEDx,她是我为你们创造的本不存在的未来,1770568198,2026-02-09 00:29:58,16,0,0,12,3546733078382815,yz迟,3
萩原研二,5726824,BV1bjFxzqEMP,《名侦探柯南：高速公路的堕天使》正式海报公开！「风之计划」宣传联动活动全面启动！柯南M29真实取景地特别PV！,1770481644,2026-02-08 00:27:24,979,12,1,67,3461575971179332,柯学馆,3
萩原研二,5726824,BV19pFszCEtH,[中字]2月日历「透教和叶做点心」语音&柯南M29宣发CM1＋柯南提示「研二&松田」,1770461907,2026-02-07 18:58:27,6059,15,2,29,702964214,少卿大理寺,4
萩原研二,5726824,BV1CyFszbEsT,[中字]柯南M29宣发PV,1770457285,2026-02-07 17:41:25,2372,17,2,43,702964214,少卿大理寺,4
萩原研二,5726824,BV1iGFCzPETB,［警五］“细水长流也可以”,1770380716,2026-02-06 20:25:16,278,0,0,15,3494362421922022,仝顾,4
萩原研二,5726824,BV1zo6qBgEna,《[萩松cb手书]警犬》,1769768814,2026-01-30 18:26:54,865,6,0,62,32829844,ペニシリン_,4
萩原研二,5726824,BV1Uq6cB7Eg8,【名柯/警校组】多幸运有像你这样的朋友,1769699689,2026-01-29 23:14:49,11170,0,0,232,668177182,芜菁明初,4
萩原研二,5726824,BV1Vm6wB8Ers,【警校五人组】盘点警校五人组的闯祸瞬间,1769688972,2026-01-29 20:16:12,2872,1,0,98,57412983,一只白珞,4
萩原研二,5726824,BV1aCzxB4E7v,警校五人组,1769352090,2026-01-25 22:41:30,409,2,0,23,3461562918505001,秋乔昕,4
萩原研二,5726824,BV1QRzrBPETR,名柯：学的四人艺 归来却是零/.,1769227571,2026-01-24 12:06:11,87,1,0,120,3546561271302990,流年似金t,4
萩原研二,5726824,BV1vzzNBzE7v,开箱｜安室透/萩原研二/诸伏景光/警五TCG,1769166300,2026-01-23 19:05:00,747,17,0,62,8348517,Yoong_碳酸水,4
萩原研二,5726824,BV1y9zcBkEpZ,当遇到景光被搭讪的场面,1769099127,2026-01-23 00:25:27,1813,9,0,50,1551366641,怀雨上,4
萩原研二,5726824,BV1HnzWBeEnZ,强强联手这一块/.,1769077907,2026-01-22 18:31:47,204,0,0,129,3546561271302990,流年似金t,4
萩原研二,5726824,BV1eJzLBAEeo,切煤｜安室透/诸伏景光/努努/毛巾/吧唧,1768993430,2026-01-21 19:03:50,521,8,1,56,8348517,Yoong_碳酸水,4
萩原研二,5726824,BV1sar2BGEg4,【名侦探柯南‖爆破处双子】让我仔细看看你的模样，倒数着最后的谢幕时光,1768614654,2026-01-17 09:50:54,206,2,0,32,349145338,菀柳之惕,4
萩原研二,5726824,BV1KwrCBKE4g,【警五】景萩,1768579968,2026-01-17 00:12:48,439,8,0,23,89809236,下个世界副本见,4
萩原研二,5726824,BV1XMkNB6EvU,警校五人组，挑战自己摸鱼一下，话说回来，2026年，也就是今年的4月15日，是万圣节的新娘，上映的四周年，纪念一下，希望Zero可以带着他们的意识走下去！,1768531416,2026-01-16 10:43:36,137,6,0,340,3690984158267527,脱恐龙,4
萩原研二,5726824,BV1wykwBJE8f,是什么颜色捏～,1768490891,2026-01-15 23:28:11,1994,12,1,26,1728713,老年人铃铛,4
萩原研二,5726824,BV1nCrZBeExH,松萩互动小剧场,1768464407,2026-01-15 16:06:47,149,0,0,34,3690994899880773,零-景光,4
萩原研二,5726824,BV19XrWBbEpe,【萩松|描改】今天也遇见已经死去的你,1768400158,2026-01-14 22:15:58,1045,4,0,126,341467209,我走了哦,4
萩原研二,5726824,BV1BJrnBsEP8,【警校五人组｜花曇り】,1768370444,2026-01-14 14:00:44,198,2,1,115,3494366754638265,deGaulleCharles,4
萩原研二,5726824,BV1msrvB7EGb,【名侦探柯南】动画30周年人物介绍，第十九位登场，你猜对了吗？,1768233465,2026-01-12 23:57:45,204,0,0,34,395450119,晓伴君兮,4
萩原研二,5726824,BV1QdrYBEEL3,【萩松/驾鹤西去】没关系，此生不怪你呀,1768212480,2026-01-12 18:08:00,1067,16,1,33,443183566,aaa安静的小透明,5
萩原研二,5726824,BV1wbrhBFEfN,【警校五人组，名柯意难平】5-4确实等于0,1768204380,2026-01-12 15:53:00,760,2,0,32,1106874338,起什么名字也太烦了,5
萩原研二,5726824,BV1QArbBMEdG,【警五】景萩,1768162874,2026-01-12 04:21:14,602,4,0,21,89809236,下个世界副本见,5
萩原研二,5726824,BV1WQ6UBVESQ,【警校五人组|起风了】“但我更想跟你们一起啊”|5-4=零=5,1768057060,2026-01-10 22:57:40,286,1,0,323,3690979347401258,水沝淼㵘XLN,5
萩原研二,5726824,BV1bq6UBXEpr,明侦三个！已买断！禁止个人使用！,1768055104,2026-01-10 22:25:04,1364,5,0,10,330135600,冥河小狗,5
萩原研二,5726824,BV1oFiRBBEVJ,[中字]新闻—柯南M29 & 神奈川县警宣发启动,1767868258,2026-01-08 18:30:58,1985,3,0,52,702964214,少卿大理寺,5
萩原研二,5726824,BV1QHimBgEKL,【名侦探柯南】盘上的连锁 警五（除降谷）战斗语音,1767807892,2026-01-08 01:44:52,343,5,0,254,835876,苍白妄想,5
萩原研二,5726824,BV19PqPBdEki,【名侦探柯南盘上的连锁】十连获得萩原研二的SSR卡【机动队员（防暴警察）】的一笔,1767710940,2026-01-06 22:49:00,272,0,0,41,1882570,小斐Suzushi,5
萩原研二,5726824,BV1oeiEBBEQA,【名柯警校五人组reaction】路人第一次看名柯警校五人组,1767529716,2026-01-04 20:28:36,753,3,0,3879,3546939194870430,这颗桃子脆又甜,5
萩原研二,5726824,BV1hCiqBLEUw,[警四中心向I手书]少女A（合集）,1767440464,2026-01-03 19:41:04,1067,16,2,242,3546950630639792,永远的警校组,5
萩原研二,5726824,BV1xTivBwEwS,《名柯警局五人组reaction专场》是我没看到的剧情啊！好优秀又超正的五个人！好好哭！太可惜了！,1767439080,2026-01-03 19:18:00,2037,9,2,3980,373545620,慕檀_JCT,5
萩原研二,5726824,BV1dxiGBSEWo,【警五】元旦,1767197237,2026-01-01 00:07:17,511,14,1,24,89809236,下个世界副本见,5
萩原研二,5726824,BV1oJiMBuEk8,省流：那个情商很高的拆弹警官,1767172906,2025-12-31 17:21:46,1102,9,0,11,3546916348496376,忧郁的碳酸饮料,5
萩原研二,5726824,BV1YCvHBKEPm,【Meme】萩萩松松的二字词语接龙！,1766996133,2025-12-29 16:15:33,622,5,0,22,240777979,偷只小鱼干,5
萩原研二,5726824,BV1a4v1BNEba,〖名柯/警五〗那个夏天,1766962159,2025-12-29 06:49:19,215,1,0,102,3494368369445275,命运是一种选择,5
萩原研二,5726824,BV19SBvBJEBE,【架空】名探偵コナンメインテーマ(ハイウェイの堕天使ヴァージョン),1766756593,2025-12-26 21:43:13,2986,10,0,175,13320065,超联先辈,5
萩原研二,5726824,BV1VyBdB5EXu,【名侦探柯南】萩原研二cos丨古早风的加班研二,1766688024,2025-12-26 02:40:24,508,5,0,29,480876216,亚利桑那大大,5
萩原研二,5726824,BV1xEB9BWETb,【名柯/警校五人組】III手书·圣诞节快乐！,1766679844,2025-12-26 00:24:04,935,18,2,37,1881195481,宋璟stifle,5
萩原研二,5726824,BV1bcBmBrEWK,[萩松向]在圣诞节，梦见你,1766632020,2025-12-25 11:07:00,531,17,0,108,5675990,吾是上帝视角,5
萩原研二,5726824,BV1QGB2B5Ehk,【警五】圣诞节,1766592042,2025-12-25 00:00:42,938,23,0,20,89809236,下个世界副本见,5
萩原研二,5726824,BV1XGB2B5Exv,【爆处组】圣诞颂歌,1766592035,2025-12-25 00:00:35,280,5,0,15,382274778,雾黎黎黎黎黎--,6
萩原研二,5726824,BV124B5B1E9P,[萩松向]圣诞快乐🎄,1766571527,2025-12-24 18:18:47,514,11,0,75,5675990,吾是上帝视角,6
萩原研二,5726824,BV1TpB5BEEdj,🎄陪家产过圣诞节|萩松宝宝圣诞快乐～⭐,1766568021,2025-12-24 17:20:21,58,0,0,23,2466240,淳淳_hgmt,6
萩原研二,5726824,BV1N5BKBQE1r,第十二集｜和萩原研二在快乐妙妙屋过圣诞节,1766486764,2025-12-23 18:46:04,185,3,1,64,650773,Yai酱的快乐妙妙屋,6
萩原研二,5726824,BV17VBTB3Ec1,我们心脏同频始终共鸣/ 萩原「我要是死了 你就帮我报仇吧」/松田「抱歉恐怕我履行不了和你的约定了」/松田阵平 萩原研二/PS练习20,1766480053,2025-12-23 16:54:13,199,1,0,11,33977365,君叶红枫,6
萩原研二,5726824,BV1TJqbBXEmH,师傅来他家修修灯吧（目瞎）,1765867397,2025-12-16 14:43:17,622,10,0,49,427184412,RXMxue,6
萩原研二,5726824,BV1w4q4BgEkr,〔柯南〕警校五人组，终是最大意难平！5减去4 确实等于“零”,1765848519,2025-12-16 09:28:39,27668,11,118,580,451766926,阿杰说漫,6
萩原研二,5726824,BV1qQqWBxEiB,沉浸式吧唧换袋,1765813979,2025-12-15 23:52:59,146,0,0,149,3494358087109146,一起去吃沙琪玛吧,6
萩原研二,5726824,BV1X7mkBoE57,if线黑萩红松,1765760370,2025-12-15 08:59:30,538,9,0,57,190216123,包包包包个奶牛猫,6
萩原研二,5726824,BV1GJmkB4E7F,爆处幼驯染的狐兔拍照挑战,1765760184,2025-12-15 08:56:24,184,0,0,27,190216123,包包包包个奶牛猫,6
萩原研二,5726824,BV1fomqBREn4,开箱｜松田阵平/诸伏景光/萩原研二立牌,1765706511,2025-12-14 18:01:51,761,2,0,28,8348517,Yoong_碳酸水,6
萩原研二,5726824,BV1ENmhBTEsA,【警校组】开始为五 结束为零,1765377290,2025-12-10 22:34:50,513,3,0,80,3493295317583911,安了个笙笙,6
萩原研二,5726824,BV1KE2DBKEiK,【萩松/最渣男主角】嘿嘿，完美日常,1765274107,2025-12-09 17:55:07,784,10,0,34,443183566,aaa安静的小透明,6
萩原研二,5726824,BV1L82yBeEwd,属于警五的专属匆匆那年,1765201044,2025-12-08 21:37:24,184,2,0,13,3546559260134180,会长预备役小杨,6
萩原研二,5726824,BV1GT2rBXEqG,致敬！黑暗中的前行者 — 警校五人组‌‌！,1765173471,2025-12-08 13:57:51,369,15,3,42,493837517,新兰永恒68,6
萩原研二,5726824,BV1zgmcBHEwZ,不沉浸式清理柄图+宣无盈利团,1765110664,2025-12-07 20:31:04,97,0,0,63,3494358087109146,一起去吃沙琪玛吧,6
萩原研二,5726824,BV1fQmcBpEjK,用画笔，为他续写了一个有后来的日常拆弹成功后的第一口烟，其实没什么味道。只是需要一点真实的灼热感，来确认自己还站在地面上不过…能再次看到明天的太阳感觉还不赖,1765102602,2025-12-07 18:16:42,941,11,0,48,3546820236019744,画个1画个0,6
萩原研二,5726824,BV1PB2fBsEq9,诸伏景光杀青日,1765097359,2025-12-07 16:49:19,257,2,0,30,3546559260134180,会长预备役小杨,6
萩原研二,5726824,BV1UK2ZB4E89,名侦探柯南最新漫画1154话《温泉与戒指》剧情分享，千速与重悟新的火花，千速与阵平的小故事，四名女子喜欢同一名男子会发生什么...,1765079905,2025-12-07 11:58:25,448,1,0,182,355294965,距离厘米远,6
萩原研二,5726824,BV1RD2oBqEy5,【警校组声真似】当马自达中之人画hagi时①,1765078522,2025-12-07 11:35:22,751,0,1,2100,124048011,肖恩不吃梨i,6
萩原研二,5726824,BV17FSTBgE4j,[警校组]谷子接力（个人向）,1765036800,2025-12-07 00:00:00,1167,7,2,56,478348,vatn同学提不起劲,7
萩原研二,5726824,BV1fCyHBBEac,若我突然死亡，请你不要悲伤，就当我没有归途去流浪,1765036800,2025-12-07 00:00:00,492,2,0,82,3494358087109146,一起去吃沙琪玛吧,7
萩原研二,5726824,BV1nR2QB8ENh,松田阵平：喵喵喵,1765029436,2025-12-06 21:57:16,2075,13,0,12,3546812189247796,永远爱犬薇新兰小系统,7
萩原研二,5726824,BV18Y2JBsEiM,【-_-mO某人】Up主探索中，欢迎收看求三连！,1764953542,2025-12-06 00:52:22,4,0,0,9,3546659139095049,-_-mO某人,7
萩原研二,5726824,BV18Y2JBsERe,青山刚昌原画柯南拼接封面！《周刊少年Sunday》2026第一与第二号的拼接封面现已完整公布。松田阵平、萩原研二、横沟重悟、萩原千速、毛利兰、毛利小五郎、柯南,1764953429,2025-12-06 00:50:29,997,0,0,11,3461575971179332,柯学馆,7
萩原研二,5726824,BV11F27BuExS,【萩松】>∧<,1764942098,2025-12-05 21:41:38,294,0,0,17,1578771556,礼濑真宵-Official,7
萩原研二,5726824,BV1SM25BTESJ,名侦探柯南M29《高速公路的堕天使》最新预告逐帧解析，你更喜欢调皮的阵平还是冷酷的阵平？,1764905242,2025-12-05 11:27:22,1670,10,33,160,355294965,距离厘米远,7
萩原研二,5726824,BV1yx2aBmEZc,拍谷展示｜香水谷可以这么拍,1764841800,2025-12-04 17:50:00,571,2,0,48,8348517,Yoong_碳酸水,7
萩原研二,5726824,BV1kL2YB5Eh8,【2026.4.10/青山刚昌/剧场版/中字】名侦探柯南M29剧场版 高速公路的堕天使 特报PV,1764826208,2025-12-04 13:30:08,254,1,0,31,499117198,_一鸣惊人-,7
萩原研二,5726824,BV1EH2YBgELb,[中字]报道—柯南M29「高速公路的坠天使」30s预告,1764825260,2025-12-04 13:14:20,5236,10,1,142,702964214,少卿大理寺,7
萩原研二,5726824,BV11K2YBnE29,柯南2026年剧场版M29《名侦探柯南：高速公路的堕天使》30喵预告、视觉图、故事介绍公开,1764824598,2025-12-04 13:03:18,576,0,0,34,3461575971179332,柯学馆,7
萩原研二,5726824,BV1w124B8Eck,【4K/中字】柯南M29剧场版《高速公路的堕天使》30s先导预告公开！萩原千速与松田阵平齐登场！2026新剧场版！,1764779951,2025-12-04 00:39:11,2777,5,0,34,45053576,QG柯南,7
萩原研二,5726824,BV1z82tBbE7F,柯南M29《高速公路的堕天使》剧情简介：风之女神VS黑色堕天使,1764776748,2025-12-03 23:45:48,388,0,0,51,16219537,絶対女王,7
萩原研二,5726824,BV1gM2tByENx,柯南M29 高速公路的堕天使 30秒预告,1764775098,2025-12-03 23:18:18,442,5,0,44,11972834,Mai_way,7
萩原研二,5726824,BV1172tBqEtN,【中字】柯南M29「高速公路的坠天使」30s预告公布！！！,1764775014,2025-12-03 23:16:54,3671,64,2,31,702964214,少卿大理寺,7
萩原研二,5726824,BV19mSzB4EJw,你是我唯一的救赎,1764554003,2025-12-01 09:53:23,915,6,0,12,2048406916,松田志平,7
萩原研二,5726824,BV1VPSNBfEYe,漫画1154图透 柯南和小兰去泡温泉 戒指让千速想起以前和弟弟跟松田玩游戏,1764469828,2025-11-30 10:30:28,1273,4,0,32,16219537,絶対女王,7
萩原研二,5726824,BV1yhSnBxEtd,柯南明年剧场版名字确定《名侦探柯南：高速公路的堕天使》并公布青山刚昌手绘海报,1764344072,2025-11-28 23:34:32,675,1,0,13,3461575971179332,柯学馆,7
萩原研二,5726824,BV18wSJB4Ewb,柯南M29《高速公路的堕天使》开场白，我是新能源车主工藤新一,1764331265,2025-11-28 20:01:05,11268,36,12,290,13320065,超联先辈,7
萩原研二,5726824,BV1HvUYBEE7R,【萩原MMD】伪物,1764148722,2025-11-26 17:18:42,388,0,0,36,571682556,火因巸灬,7
萩原研二,5726824,BV1nSU8B3EGF,花衬衫三人组,1764143492,2025-11-26 15:51:32,1851,3,0,16,2048406916,松田志平,8
萩原研二,5726824,BV13FUSB7Edq,松田阵平回归柯南M29！时隔4年意难平再登场，明年剧场版必须蹲！,1764064796,2025-11-25 17:59:56,1262,8,0,33,3461575971179332,柯学馆,8
萩原研二,5726824,BV123UPB3EBz,预告：本人将于11月29日发布柯南M29开场白视频，敬请期待！,1763880215,2025-11-23 14:43:35,2436,6,2,25,13320065,超联先辈,8
萩原研二,5726824,BV1rWUPBAEEX,ai萩原研二翻唱《强风大背头》,1763873932,2025-11-23 12:58:52,430,2,0,134,571682556,火因巸灬,8
萩原研二,5726824,BV1jbUsBnE9n,【名侦探柯南】盘上的连锁 松田阵平语音,1763804913,2025-11-22 17:48:33,940,8,0,372,835876,苍白妄想,8
萩原研二,5726824,BV158ynBbECG,【警校组/零中心】曙光啊，请别再哭泣,1763546801,2025-11-19 18:06:41,2161,22,3,218,10237730,uni_三十七号元素,8
萩原研二,5726824,BV12LyLBYEiK,【松萩CP/CB】爆处组的PushMe,1763500813,2025-11-19 05:20:13,1112,3,0,106,8035617,恒我望舒,8
萩原研二,5726824,BV1LzCXBUE3J,【M29高速公路的堕天使】拉片警校五人组，彩蛋全解析,1763294415,2025-11-16 20:00:15,15190,27,233,4535,3546607517698761,BUJUAN不卷就不卷,8
萩原研二,5726824,BV1bkC2BpEi4,【警校组】警察厅领导降谷零将于今日莅临他忠实的警视厅,1763218898,2025-11-15 23:01:38,5822,20,36,217,179987980,Alpacava,8
萩原研二,5726824,BV1FXCkBFE5Y,爆处组｜溯着时间,1763196949,2025-11-15 16:55:49,227,0,0,81,121246305,墨岚城,8
萩原研二,5726824,BV14cCGBpECS,【萩原研二 | 个人向】Illusionary Daytime（幻昼）|昙花一现却又如流星般闪耀,1763135433,2025-11-14 23:50:33,5814,7,0,256,1346879430,Amuro清寒,8
萩原研二,5726824,BV1anCbBCE8P,松田输不起了,1763036322,2025-11-13 20:18:42,885,4,0,59,3546743207627041,章鱼烧u酱,8
萩原研二,5726824,BV1n7k6BHE8X,【警校组】不管谁都行请给我复活吧,1762852533,2025-11-11 17:15:33,154,0,0,64,1811057,宇智波墨笙,8
萩原研二,5726824,BV1RmCFBaEx6,绝对不刀,1762784826,2025-11-10 22:27:06,823,4,0,16,3546614199224484,bili_44727950331,8
萩原研二,5726824,BV1qJCcB6EXB,警视厅爆处组那对幼驯染,1762782588,2025-11-10 21:49:48,463,6,0,8,1498796127,某只鬼鬼祟祟的海豹,8
萩原研二,5726824,BV1GXkDBMEx4,萩松的CHOICE,1762677743,2025-11-09 16:42:23,529,5,0,39,1847193717,跳下去啦,8
萩原研二,5726824,BV1LtkQB5Ezf,【AI翻唱|萩原研二】护花使者,1762674712,2025-11-09 15:51:52,69,1,0,199,4726833,沈长赢,8
萩原研二,5726824,BV1aSkUBaENJ,『警校五人组』“5-4＝0”五片樱花绽于警校，四瓣随风而逝，独留降谷零带着五人的信念，在黑暗中独行，把正义焊进生命的底色。,1762665308,2025-11-09 13:15:08,693,4,1,20,3546878123706717,浮云而别,8
萩原研二,5726824,BV16P1XB8EBJ,【名柯|爆处组】废稿一则,1762597323,2025-11-08 18:22:03,174,0,0,41,3546843822688835,月下小景0423,8
萩原研二,5726824,BV1Dr1SBqE3U,🧣第26年深秋｜如果感到幸福就眨眨眼（今天才从学校归来没赶上1107 TT）,1762589426,2025-11-08 16:10:26,478,4,0,16,3461562899630678,Tomato拌糖,8
萩原研二,5726824,BV16d1mBJEtH,【松萩CP/CB】有再重逢吗？/三合一,1762574247,2025-11-08 11:57:27,638,0,0,154,8035617,恒我望舒,9
萩原研二,5726824,BV1fn1mBVENv,【萩松/MMD】“那火辣辣的两人到底是……？”《III》,1762543125,2025-11-08 03:18:45,1424,7,0,186,1578771556,礼濑真宵-Official,9
萩原研二,5726824,BV1ab11BFEJQ,11.07爆处组cb向手书【Tek it】,1762533327,2025-11-08 00:35:27,498,13,0,165,1441697029,镶钻炸弹,9
萩原研二,5726824,BV1gY11BtE3u,松田咪咪想请你吃刀子,1762531593,2025-11-08 00:06:33,582,3,0,32,1728713,老年人铃铛,9
萩原研二,5726824,BV1x611BQErX,1107【萩松.熄灭】他们本该光耀一生，却在年轻的那年消失在烟火之中。,1762527204,2025-11-07 22:53:24,425,3,0,24,3546743207627041,章鱼烧u酱,9
萩原研二,5726824,BV14611BQEqS,于是你和我。/萩松,1762527141,2025-11-07 22:52:21,312,1,0,43,76916479,萩原研二子,9
萩原研二,5726824,BV1bq11B9ENr,【1107萩松日】匆匆那年,1762526615,2025-11-07 22:43:35,207,1,0,86,88091380,_Arete,9
萩原研二,5726824,BV1bZ2uBtEYz,「1107/萩松」,1762522314,2025-11-07 21:31:54,214,4,2,46,1946535145,诉此雨落,9
萩原研二,5726824,BV1Ya2gBNEVU,【萩松】1107重逢之日,1762517643,2025-11-07 20:14:03,1626,21,0,13,1498796127,某只鬼鬼祟祟的海豹,9
萩原研二,5726824,BV16Z2gBjEG4,【嗵嗵/爆处双子星/松田阵平/萩原研二】“掠过尘与灰”,1762516585,2025-11-07 19:56:25,2390,5,0,214,11941312,风去千里,9
萩原研二,5726824,BV1kX2gBSEBg,【萩松】see you again,1762512963,2025-11-07 18:56:03,1003,7,0,24,4870121,伊佐那麻里-Evan,9
萩原研二,5726824,BV1Wh23B9Ehm,【1107/萩松】可是我遗憾啊内疚啊,1762511642,2025-11-07 18:34:02,11053,11,0,25,1264514029,焰火耶比,9
萩原研二,5726824,BV19V23BKEhi,[萩松]关于拯救幼驯染的代价是暂时变成幼崽这件事,1762510673,2025-11-07 18:17:53,1213,11,0,20,7871399,如何速通人生游戏,9
萩原研二,5726824,BV18J23BwE7S,「萩松1107纪念」,1762509900,2025-11-07 18:05:00,355,7,0,89,662602314,风衍fy,9
萩原研二,5726824,BV13Y2MBdEYx,“hagi，这次我们在也不会分开了。”———✨1107✨✨萩松重逢日快乐，Happy DeathDay！🎡———松田：原po研二：扶楹,1762508760,2025-11-07 17:46:00,469,6,0,19,3546916348496376,忧郁的碳酸饮料,9
萩原研二,5726824,BV1pY2uByETo,7年前与3年前，有两位勇敢的警察因公殉职。,1762506000,2025-11-07 17:00:00,16331,108,7,56,3546874713737786,名侦探柯南中国官方,9
萩原研二,5726824,BV1Cs2TBGEsz,怎么剩我迟迟难释怀-1107重逢日快乐,1762486318,2025-11-07 11:31:58,907,9,0,13,343998305,万家灯火安,9
萩原研二,5726824,BV17e2NBtEpr,［1107｜萩松］我想要占据你,1762484833,2025-11-07 11:07:13,18984,62,23,57,247880786,第一乐章休止符,9
萩原研二,5726824,BV1aw2NBJEd2,如果悲剧没有降临……,1762473325,2025-11-07 07:55:25,622,3,0,19,2048406916,松田志平,9
萩原研二,5726824,BV1S82PB3E7g,【未完成手书】君は一生私を忘れない,1762451139,2025-11-07 01:45:39,263,3,0,55,27656975,正宗清蒸团叽,9
萩原研二,5726824,BV1Uh2PB6ESx,是重逢,1762449693,2025-11-07 01:21:33,81,0,0,15,2093082084,咔咔的帽子ovo,10
萩原研二,5726824,BV15E2PBSESH,「1107」萩松殉职日安康,1762447657,2025-11-07 00:47:37,21,0,0,19,3546704982837857,威风菜花,10
萩原研二,5726824,BV1jd2PBsEtu,"「迟到四年的再见」 松田阵平X萩原研二 【11.7】纪念 ""若是喜悦便代表夏日的来临 便能在微风的轻拂中感受到痛楚""",1762445609,2025-11-07 00:13:29,657,4,0,202,33977365,君叶红枫,10
萩原研二,5726824,BV1P62PBvEFQ,11.7 祝松田阵平和萩原研二忌日安康,1762445103,2025-11-07 00:05:03,443,3,0,484,477607763,四月拾柒山雨霁,10
萩原研二,5726824,BV1F91eB5Epo,愿思念像风，随你而动，让时间都停摆,1762444839,2025-11-07 00:00:39,254,3,0,51,3494358087109146,一起去吃沙琪玛吧,10
萩原研二,5726824,BV1wk2PBPER5,【警五】1107,1762444828,2025-11-07 00:00:28,329,10,0,15,89809236,下个世界副本见,10
萩原研二,5726824,BV1jM1EBfExW,我望着你不肯后退的眼睛（1107重逢日快乐）,1762444800,2025-11-07 00:00:00,1934,20,2,29,499137032,三千院奈,10
萩原研二,5726824,BV1iLyvBNEhh,【名侦探柯南手书】爆处组的中继输出者,1762444800,2025-11-07 00:00:00,1851,11,2,195,835876,苍白妄想,10
萩原研二,5726824,BV1FkyyBBE6u,【1107｜萩松】死 别,1762444800,2025-11-07 00:00:00,999,11,2,70,341467209,我走了哦,10
萩原研二,5726824,BV1wB1tBcEwt,【虚构史】超人气偶像阵平酱首台出演剧场版名侦探饰松田阵平警官将于11月7日上映敬请期待!,1762370171,2025-11-06 03:16:11,689,10,0,61,10237730,uni_三十七号元素,10
萩原研二,5726824,BV1W81xBZEum,“你走过的地方只剩下思念难捱”,1762357778,2025-11-05 23:49:38,1773,18,0,19,1498796127,某只鬼鬼祟祟的海豹,10
萩原研二,5726824,BV1pB1EBuETn,【萩松】曾经我们拥有彼此，拥有一切,1762263786,2025-11-04 21:43:06,1361,9,0,16,1498796127,某只鬼鬼祟祟的海豹,10
萩原研二,5726824,BV1t9yfB4ERM,爆处组｜万圣节条子日记,1762095206,2025-11-02 22:53:26,677,4,1,10,7925977,火鸡面面子-,10
萩原研二,5726824,BV1fG1FBVEoa,【MMD柯南/警校组】Blender,1762087750,2025-11-02 20:49:10,1179,7,1,142,1578771556,礼濑真宵-Official,10
萩原研二,5726824,BV12i1FBoEsJ,最喜欢看他们并肩战斗了 零零可以当世界跳高冠军了,1762083788,2025-11-02 19:43:08,12381,3,2,171,36122618,青璃mint,10
萩原研二,5726824,BV1WfyoBLEUQ,马自达：平时好好多照照镜子 研二：当个事办,1762081359,2025-11-02 19:02:39,397,2,0,13,3546916348496376,忧郁的碳酸饮料,10
萩原研二,5726824,BV11eyZBnEWX,【警五】if：与研二再合个影吧,1762071527,2025-11-02 16:18:47,385,2,0,18,89809236,下个世界副本见,10
萩原研二,5726824,BV1o11jBRE1Z,日本姓氏“萩原”是从哪儿来的？【生草日语特别篇】,1762054500,2025-11-02 11:35:00,7494,87,42,58,2094698142,生草日语,10
萩原研二,5726824,BV1co1LB8Eva,今天全场最佳哈哈哈哈,1761999648,2025-11-01 20:20:48,289,1,0,13,36122618,青璃mint,10
萩原研二,5726824,BV1Xa1LB1EVc,柯南【盘上的连锁】镰鼬研语音,1761970974,2025-11-01 12:22:54,262,0,0,29,492246824,Matsuda陣平酱,11
萩原研二,5726824,BV1Za1MBaEp6,【名侦探柯南】盘上的连锁 邀约的疯帽匠 萩原研二语音,1761909143,2025-10-31 19:12:23,389,3,0,32,835876,苍白妄想,11
萩原研二,5726824,BV1mQ1MBUEEm,【台配国语】间接阻止火焰两次爆炸的研二,1761905992,2025-10-31 18:19:52,487,1,0,179,1488617659,瑪利歐路易吉,11
萩原研二,5726824,BV1ou1TBbEBn,可我不习惯没有带着你的打火机。,1761887202,2025-10-31 13:06:42,1454,9,0,13,343998305,万家灯火安,11
萩原研二,5726824,BV1mnyhBLEUM,【名侦】又是一年冬 别来无恙 最好的五人组,1761820200,2025-10-30 18:30:00,7440,15,5,29,3546630997412341,美女需要解释吗,11
萩原研二,5726824,BV1TZs2z4EHu,108警五11城cafe重庆场volg（划掉）物料开箱,1761559200,2025-10-27 18:00:00,765,4,0,85,8348517,Yoong_碳酸水,11
萩原研二,5726824,BV1prxPzwEBQ,警校五人组的默契瞬间,1761474288,2025-10-26 18:24:48,53776,4,101,62,57412983,一只白珞,11
萩原研二,5726824,BV1DXsZzbE1v,不能让研二和阵平落下任何一个梗！,1761400170,2025-10-25 21:49:30,64,0,0,10,1354752298,爱吃柚子茶的猪,11
萩原研二,5726824,BV1Q2sdzREWN,Ai萩原研二翻唱《誓见》,1761393657,2025-10-25 20:00:57,491,1,1,85,571682556,火因巸灬,11
萩原研二,5726824,BV1LwsZzeEEb,【降谷零中心手书/张宇宙】明明好像感觉拥有一切……,1761380951,2025-10-25 16:29:11,680,7,0,25,1949301980,為我而哭好嗎,11
萩原研二,5726824,BV1s6sozUEjW,【绘画记录】警五Trick or treat,1761379645,2025-10-25 16:07:25,1879,22,0,75,1728713,老年人铃铛,11
萩原研二,5726824,BV1SgsGzhE2G,【警校组】时雨|不要被命运找到,1761230374,2025-10-23 22:39:34,1788,14,1,138,8035617,恒我望舒,11
萩原研二,5726824,BV15DWyz8EGe,警五诸伏景光萩原研二松田阵平安室透努努出世！柯南努努们来收藏啦！,1760964826,2025-10-20 20:53:46,118,0,0,21,76830146,Alicnce,11
萩原研二,5726824,BV1kpW4zRED4,追妻火葬场（？）但爆处组,1760784259,2025-10-18 18:44:19,1301,7,0,23,7871399,如何速通人生游戏,11
萩原研二,5726824,BV1WeWyz3Ep1,〖警五〗星星藏进黑夜,1760677664,2025-10-17 13:07:44,146,0,0,72,1928797561,光明金鸽,11
萩原研二,5726824,BV1bC48zSEBo,你好同学喜欢我,1760444840,2025-10-14 20:27:20,1161,4,1,18,7871399,如何速通人生游戏,11
萩原研二,5726824,BV1ox4uz6Er9,小小的老子脾气爆,1760259877,2025-10-12 17:04:37,5514,19,1,11,1264514029,焰火耶比,11
萩原研二,5726824,BV1ib4uzBEpR,现在都还有人觉得萩原是演的,1760258343,2025-10-12 16:39:03,234,5,0,12,3546743207627041,章鱼烧u酱,11
萩原研二,5726824,BV1iV4gzBEFE,【警校五人组】搞笑名场面2 猫猫捣乱篇,1760251030,2025-10-12 14:37:10,28202,3,106,94,57412983,一只白珞,11
萩原研二,5726824,BV16A4gzLEoy,萩松《ringring》,1760249871,2025-10-12 14:17:51,290,0,0,33,3493095490456340,白宫上闪闪发光的红旗,12
萩原研二,5726824,BV1oT4gzkEo7,【萩松/生死相随】爱意深锁城外，苦等伊人归,1760248682,2025-10-12 13:58:02,3155,5,0,54,1346879430,Amuro清寒,12
萩原研二,5726824,BV1jN4MzKELe,骗你的，其实我们看不见松田哭,1760235621,2025-10-12 10:20:21,308,2,1,43,3546743207627041,章鱼烧u酱,12
萩原研二,5726824,BV1uJx1ztEV6,【警五】降萩,1760028542,2025-10-10 00:49:02,198,7,0,15,89809236,下个世界副本见,12
萩原研二,5726824,BV1t9xrzmEi5,(ᐥᐜᐥ)♡︎ᐝ,1760000434,2025-10-09 17:00:34,320,1,0,13,2048406916,松田志平,12
萩原研二,5726824,BV1aexvzTEoy,开箱｜回忆是一条走不尽的路,1759928906,2025-10-08 21:08:26,551,3,0,39,8348517,Yoong_碳酸水,12
萩原研二,5726824,BV1ASxYzJE2h,当萩原知道自己女粉占比时,1759913301,2025-10-08 16:48:21,905,3,0,12,3546743207627041,章鱼烧u酱,12
萩原研二,5726824,BV17yxezrEj1,已经失去了的你/萩松,1759904229,2025-10-08 14:17:09,1880,4,0,37,76916479,萩原研二子,12
萩原研二,5726824,BV1mix9zmEm3,【名柯/萩松】走吧。,1759847389,2025-10-07 22:29:49,799,3,0,16,38959449,御江辰,12
萩原研二,5726824,BV12ex7zVEeu,【AI翻唱 萩原研二】モニタリング（视奸）,1759743570,2025-10-06 17:39:30,214,3,0,177,1468460624,靜かな春,12
萩原研二,5726824,BV1RtxgzNE2G,【名侦探柯南】盘上的连锁 夏季对战 萩原研二语音,1759678587,2025-10-05 23:36:27,541,4,1,30,835876,苍白妄想,12
萩原研二,5726824,BV1kTxhzuEdK,【萩松】哎同学我想问一下,1759613746,2025-10-05 05:35:46,1189,9,2,18,26493894,子夜三更雪,12
萩原研二,5726824,BV1KDxxzvEVy,［警五］他说明明好像感觉拥有一切，却又随时感觉正在失去一切,1759562486,2025-10-04 15:21:26,260,1,0,25,3494362421922022,仝顾,12
萩原研二,5726824,BV1zKHVzGEmj,【萩松】/mama's boy,1759489465,2025-10-03 19:04:25,792,2,0,28,3546743207627041,章鱼烧u酱,12
萩原研二,5726824,BV1uxH3zDEuW,爆处组的快问快答~,1759470211,2025-10-03 13:43:31,2161,8,1,77,571682556,火因巸灬,12
萩原研二,5726824,BV1ExHGz6Eyr,跳了，兄弟们。,1759464217,2025-10-03 12:03:37,488,1,0,10,3546743207627041,章鱼烧u酱,12
萩原研二,5726824,BV18bHPzvEKc,[警五向]我用什么来把你留住,1759408852,2025-10-02 20:40:52,8582,5,0,194,1222967327,月影掠惊竹,12
萩原研二,5726824,BV1awHAzNE1V,警校五人组,1759394747,2025-10-02 16:45:47,501,2,0,51,3493119819516810,正在祈祷人类灭亡中y,12
萩原研二,5726824,BV1d6HAzMEL2,这是警校五人的青春/警校组/微刀,1759384104,2025-10-02 13:48:24,67,2,4,52,3546789705681088,零念松萩景航,12
萩原研二,5726824,BV1rrHpzuEnS,【警校五人组ll情字最大】少年意气，生死往同,1759328933,2025-10-01 22:28:53,1316,4,0,20,3546554120014133,浅川叶蝶,13
萩原研二,5726824,BV1FWHWzrERo,［警五］我会牵着你手同进退,1759321694,2025-10-01 20:28:14,720,6,0,17,3494362421922022,仝顾,13
萩原研二,5726824,BV1qMnqzNE4P,【警校组】传统的五子棋~~就是把五个字连成一条线,1759147330,2025-09-29 20:02:10,815,1,0,41,196807977,我就是个案板嘛,13
萩原研二,5726824,BV1VBnLzNEt4,风之女神萩原千速上线：她是萩原研二的妹妹，也是松田阵平的初恋,1758932865,2025-09-27 08:27:45,6236,13,3,236,3546716569602299,柯南解影,13
萩原研二,5726824,BV1hvn3zDErA,【名侦探柯南/警校五人组】但我更想跟你们在一起啊,1758901757,2025-09-26 23:49:17,891,2,0,219,3493259626154567,GAROENIA,13
萩原研二,5726824,BV1k8ngzNEir,朋友用胶卷拍的萩原研二,1758879872,2025-09-26 17:44:32,770,4,1,20,7925977,火鸡面面子-,13
萩原研二,5726824,BV1kQnpzBEwM,一起长大的约定,1758727227,2025-09-24 23:20:27,1874,15,1,12,4870121,伊佐那麻里-Evan,13
萩原研二,5726824,BV11hJQzQENL,萩松向｜“选汽车还是选我？（握拳）”ꐦ≖ ≖,1758700501,2025-09-24 15:55:01,541,4,0,18,648974372,墨無無無無,13
萩原研二,5726824,BV1uPnPzfEUH,展示一下我约的稿,1758556110,2025-09-22 23:48:30,12,1,0,22,3493095490456340,白宫上闪闪发光的红旗,13
萩原研二,5726824,BV1qbnPzrE3U,点击就看警四弹力小人,1758552070,2025-09-22 22:41:10,1164,9,0,16,7871399,如何速通人生游戏,13
萩原研二,5726824,BV19wJfzREdX,【警校组声真似 with白马/生肉】4位嘉宾客串角色！？全明星感谢祭~【名侦探柯南 声真似】,1758503538,2025-09-22 09:12:18,1611,4,23,6396,2158416,Murasame_Akari,13
萩原研二,5726824,BV1cXpZzkEQP,【警五】日常群聊,1758401391,2025-09-21 04:49:51,1573,11,1,62,89809236,下个世界副本见,13
萩原研二,5726824,BV18AWVzwE1X,松田阵平把萩原千速的手机拆掉了被打一顿又装上了 萩原研二真是社牛呀,1758291353,2025-09-19 22:15:53,5126,7,1,89,36122618,青璃mint,13
萩原研二,5726824,BV1d7WNzUEWH,【萩松】解独剤/手书,1758270897,2025-09-19 16:34:57,1140,10,1,46,76916479,萩原研二子,13
萩原研二,5726824,BV1BfpvzuEbB,【警五】不会有人死的,1758197970,2025-09-18 20:19:30,320,2,0,12,89809236,下个世界副本见,13
萩原研二,5726824,BV18ipxzPEdS,用萩原研二声线来说“如果你讨厌我的脸..”,1758103500,2025-09-17 18:05:00,2590,7,0,49,3546630997412341,美女需要解释吗,13
萩原研二,5726824,BV1F4puzKEVA,【萩松】爱的魔力转圈圈,1757926302,2025-09-15 16:51:42,588,6,0,31,89809236,下个世界副本见,13
萩原研二,5726824,BV1L6pFzvEZG,萩松(๑•̀ㅁ•́ฅ),1757854435,2025-09-14 20:53:55,363,9,0,14,57454688,杍日月,13
萩原研二,5726824,BV1djHozWEnT,年轮.,1757822884,2025-09-14 12:08:04,15,1,0,12,3546958182484867,tener苏皖妤,13
萩原研二,5726824,BV1DMppzREVz,【萩松】捡手机文学,1757799168,2025-09-14 05:32:48,319,12,0,59,89809236,下个世界副本见,14
萩原研二,5726824,BV15dp7zEE37,松田:我命由我不由天(‡▼益▼),1757742892,2025-09-13 13:54:52,828,5,0,10,346997330,炫目蘑菇,14
萩原研二,5726824,BV17wpLz2EGs,【警察五人组】“世界之大为何我们相遇  难道是缘分  难道是天意”,1757738564,2025-09-13 12:42:44,151,0,0,215,2069249304,澄汐想吃饭,14
萩原研二,5726824,BV1UwpjzvEqf,萩原研二（八卦脸）：班长，你该不会是喜欢降谷吧,1757732194,2025-09-13 10:56:34,26281,5,4,68,36122618,青璃mint,14
萩原研二,5726824,BV1C3pjzbEds,警校四人证件照,1757731725,2025-09-13 10:48:45,788,8,0,17,651194814,扁鱼の,14
萩原研二,5726824,BV1JmHizkEUS,拆卡｜不想再端盒TCG了 已经失去所有力气,1757664000,2025-09-12 16:00:00,663,1,0,135,8348517,Yoong_碳酸水,14
萩原研二,5726824,BV1xvH1zkEKN,“当朋友问我搞警五一年都干了什么”,1757437462,2025-09-10 01:04:22,1324,12,0,21,7925977,火鸡面面子-,14
萩原研二,5726824,BV16UaozZE3i,【警五】萩原,1757345622,2025-09-08 23:33:42,158,4,0,12,89809236,下个世界副本见,14
萩原研二,5726824,BV1qoaozpEp7,【Ai萩原研二翻唱】伪物,1757344529,2025-09-08 23:15:29,336,1,0,189,571682556,火因巸灬,14
萩原研二,5726824,BV1EiaZzdETx,时光的岸上人来了又走，离开时你不用说我都懂,1757336714,2025-09-08 21:05:14,761,3,0,49,1445958261,山花海路,14
萩原研二,5726824,BV1hzY5zZE6G,萩松｜如何快速熄灭幼驯染的怒火,1757241412,2025-09-07 18:36:52,2608,13,119,14,123760068,小雁子哒哒,14
萩原研二,5726824,BV1VuYVz8Emd,【_归江-】最新视频来袭，快来看看吧！,1757228949,2025-09-07 15:09:09,3,0,0,7,3546580365871825,嗆-,14
萩原研二,5726824,BV1cMYMzdEvS,警四的快问快答~,1757176644,2025-09-07 00:37:24,4394,14,5,66,571682556,火因巸灬,14
萩原研二,5726824,BV1LZYKzCETA,【AI翻唱 | 萩原研二】カナタハルカ,1757158782,2025-09-06 19:39:42,892,11,0,359,252534164,年轻要趁早,14
萩原研二,5726824,BV17ya8z2EbD,【萩松】节日快乐^ ^,1757087898,2025-09-05 23:58:18,431,1,0,15,341467209,我走了哦,14
萩原研二,5726824,BV1RvahzrE5m,【警校四人组手书】你们真的是不要这个b脸了,1757074070,2025-09-05 20:07:50,393,4,0,22,1797623268,桜花sakura,14
萩原研二,5726824,BV1JJaQzVEyw,【警五】心碎男团,1757011615,2025-09-05 02:46:55,345,16,1,96,89809236,下个世界副本见,14
萩原研二,5726824,BV1ZFaDzTEtT,不知道取什么标题,1756988109,2025-09-04 20:15:09,842,6,0,10,2048406916,松田志平,14
萩原研二,5726824,BV1VjauzLEqC,警校组丨来化妆吧小诸伏！,1756860453,2025-09-03 08:47:33,7685,31,5,34,33547356,江河行地-,14
萩原研二,5726824,BV1nXaPzLEeQ,（Cos/萩松/爆处组/名柯）“不过一簇花 逃不过四季碾压”,1756810432,2025-09-02 18:53:52,755,4,0,15,33504517,虾籽阳春面,14
萩原研二,5726824,BV1zDapzbEnm,和研二一起吃晚饭吧！,1756728645,2025-09-01 20:10:45,708,10,0,17,7925977,火鸡面面子-,15
萩原研二,5726824,BV1SHanz6EQk,【萩松萩】超度我|“我的执念 万千千千”,1756717662,2025-09-01 17:07:42,5185,6,0,32,24815328,-槐夏初七-,15
萩原研二,5726824,BV1K7aGzGEFB,【4K120FPS/中字】名侦探柯南M29超特报PV公开,1756640081,2025-08-31 19:34:41,144,0,0,41,173937736,卿久酱丷,15
萩原研二,5726824,BV1r4aGzNEdZ,我的通行证好像和别人的不太一样,1756632206,2025-08-31 17:23:26,133,1,0,21,3100182,心凉山,15
萩原研二,5726824,BV1VDhkzMEYg,【降谷零 |“还不如我们从没有遇见”】,1756624759,2025-08-31 15:19:19,433,1,0,25,281672950,斟酒念诗文,15
萩原研二,5726824,BV1gihCziEV8,《名侦探柯南》剧场版M29超特报发布！！！,1756615991,2025-08-31 12:53:11,958,5,2,45,1144452137,麦卡伦-威士忌,15
萩原研二,5726824,BV1UphyzPEEB,【4K/中字】《名侦探柯南》2026剧场版公开决定！柯南M29先导预告！,1756613717,2025-08-31 12:15:17,3018,5,0,44,45053576,QG柯南,15
萩原研二,5726824,BV1LphrzqEKi,柯南剧场版M29预告首曝！明年4月日本上映,1756609807,2025-08-31 11:10:07,2276,9,0,41,3494367153097554,柯南相关资料库,15
萩原研二,5726824,BV1gEhYzMEKc,萩原研二教你如何追到幼驯染,1756526750,2025-08-30 12:05:50,1706,7,0,14,123760068,小雁子哒哒,15
萩原研二,5726824,BV1SohhzYEGa,松田宝宝米米嘟ꉂ ೭(˵¯̴͒ꇴ¯̴͒˵)౨”哇哈哈～,1756507581,2025-08-30 06:46:21,4,0,0,9,3546749738158895,松田-爆炸物处理班,15
萩原研二,5726824,BV1eNh9zqEBj,开箱｜七夕开个萩松爆处制服诱惑（其实是努努哦,1756468800,2025-08-29 20:00:00,707,11,0,20,8348517,Yoong_碳酸水,15
萩原研二,5726824,BV1APhXzJE9M,萩原你怎么长得这么爽,1756438063,2025-08-29 11:27:43,52,1,0,5,3546659139095049,-_-mO某人,15
萩原研二,5726824,BV1aieXzMEXt,萩松｜我只是瞎了又不是傻了,1756357235,2025-08-28 13:00:35,1569,8,0,20,123760068,小雁子哒哒,15
萩原研二,5726824,BV1iWeDzBE66,风之女神萩原千速上线：她是萩原研二的姐姐，也是松田阵平的初恋。她会不会是下一款爆款角色呢？,1756346549,2025-08-28 10:02:29,1278,4,3,236,3546716569602299,柯南解影,15
萩原研二,5726824,BV1YgeQzTEnZ,“七年前的一场相遇，却救下了所有人 ”,1756342979,2025-08-28 09:02:59,839,3,0,19,3546659195718146,亿久Ai哀酱,15
萩原研二,5726824,BV1tYeUz9EeB,【警五】萩松,1756302608,2025-08-27 21:50:08,235,6,0,39,89809236,下个世界副本见,15
萩原研二,5726824,BV1sRvKzYEZp,【名侦探柯南/警校五人组】归零,1756222861,2025-08-26 23:41:01,585,0,0,26,3493259626154567,GAROENIA,15
萩原研二,5726824,BV1Y3vAzPEdP,【4K请不要带我走×警校组】“不要带我走，走到泪干涸”,1756199887,2025-08-26 17:18:07,3084,7,1,127,3461575753075654,Wilkomeda,15
萩原研二,5726824,BV1YXvAzTER4,端的一和原画风tv吧唧,1756191936,2025-08-26 15:05:36,560,0,0,118,1055143358,SR意雨,15
萩原研二,5726824,BV1izvczMEUQ,【熟肉/警校组声真似 with白马】在天国逐渐破防的伊达班长www,1756178388,2025-08-26 11:19:48,1507,11,1,92,2158416,Murasame_Akari,15
萩原研二,5726824,BV1F1edzfE1H,萩松 | 当你看到你朋友的理想型,1756128911,2025-08-25 21:35:11,790,10,0,8,99989269,白泽小皇帝11,16
萩原研二,5726824,BV14Deoz5Ezb,《big and chunky》【萩松】,1756121275,2025-08-25 19:27:55,215,1,0,17,3546743207627041,章鱼烧u酱,16
萩原研二,5726824,BV1Gfe9zGE2P,【景零萩松向 | 坠蝶“誓言食言，我很抱歉”】,1756117510,2025-08-25 18:25:10,1347,7,0,203,281672950,斟酒念诗文,16
萩原研二,5726824,BV11XeRzNEQg,手绘萩原研二：自制玻璃画教程大指导来噜~,1756104031,2025-08-25 14:40:31,2162,3,0,21,7421480,好奇怪的手绘-接定制,16
萩原研二,5726824,BV1zSevzvEWQ,【降谷零中心 | 警校组（景零萩松）】请不要带我走,1755935647,2025-08-23 15:54:07,2323,9,0,129,281672950,斟酒念诗文,16
萩原研二,5726824,BV1KQeazqEqV,【警校四人组手书】我们都有猝s的未来,1755899606,2025-08-23 05:53:26,704,5,0,10,1797623268,桜花sakura,16
萩原研二,5726824,BV1QZehzCEfL,【降谷零中心 | 警校组（景零萩松）】请不要带我走,1755875417,2025-08-22 23:10:17,2063,11,0,185,281672950,斟酒念诗文,16
萩原研二,5726824,BV12nebzcEeo,【萩松】THIS LIFE IS A LOAN（未完成）,1755872635,2025-08-22 22:23:55,222,4,0,11,1847193717,跳下去啦,16
萩原研二,5726824,BV1UnebzcE3Q,【Ai萩原研二翻唱】小小的我,1755872508,2025-08-22 22:21:48,635,1,1,232,571682556,火因巸灬,16
萩原研二,5726824,BV1nVe8zREnD,【萩原研二】如果多一张船票，你会不会同我一起走,1755863546,2025-08-22 19:52:26,535,4,0,14,1551366641,怀雨上,16
萩原研二,5726824,BV1X2e4zvEWU,【柯南鬼畜】Hagi哦哟14秒,1755855370,2025-08-22 17:36:10,391,0,0,14,492246824,Matsuda陣平酱,16
萩原研二,5726824,BV158YZz9E3T,【AI翻唱/手书】萩原研二的心跳不止-きゅうくらりん（已换源）,1755811798,2025-08-22 05:29:58,2076,23,2,213,146776324,晕DenPA狂热症,16
萩原研二,5726824,BV1E5Y9zEEQC,【爆处组双子星 少年时】,1755784973,2025-08-21 22:02:53,3177,32,1,26,491217779,司望京西,16
萩原研二,5726824,BV1kzegzKECs,来看甜甜的零君和幼驯染组合（糖和刀子更配哦,1755685132,2025-08-20 18:18:52,858,3,0,175,1176781988,睡不醒的狐莉,16
萩原研二,5726824,BV1MNe3zEE96,弟弟留下的遗物不多……,1755681718,2025-08-20 17:21:58,882,4,1,8,400247017,是吧张勺Spoon-Z,16
萩原研二,5726824,BV1pWewz5EN9,看来我没办法实现承诺了……,1755604855,2025-08-19 20:00:55,396,2,0,24,1949301980,為我而哭好嗎,16
萩原研二,5726824,BV1wfYxzyEFg,萩：阵平~理理我嘛~,1755522561,2025-08-18 21:09:21,827,2,0,15,3546743207627041,章鱼烧u酱,16
萩原研二,5726824,BV193Yiz4EZY,【萩松】bae can u c i like u,1755336031,2025-08-16 17:20:31,188,2,0,13,1847193717,跳下去啦,17
萩原研二,5726824,BV1V3YezSEPr,名侦探柯南大结局-警校篇（我纯编的）,1755324303,2025-08-16 14:05:03,917,6,0,21,3546559260134180,会长预备役小杨,17
萩原研二,5726824,BV1YabJzPEhC,欢迎收看萩原研二公嬷接力赛✨,1755229404,2025-08-15 11:43:24,2075,17,16,375,3546617177181063,兔兔boss,17
萩原研二,5726824,BV1V1bjzZEbQ,“遗憾无法说，惊觉心一缩。”萩松《青花》,1755186946,2025-08-14 23:55:46,938,4,0,204,3493095490456340,白宫上闪闪发光的红旗,17
萩原研二,5726824,BV1C2bBziEzM,【爆处/景零景/莱苏】森林混音带,1755143247,2025-08-14 11:47:27,2581,22,3,141,102790761,你呱天下第一,17
萩原研二,5726824,BV1njbYzQErT,【萩原研二】晚安,1755097037,2025-08-13 22:57:17,75,0,0,49,3291049,没有哈密瓜,17
萩原研二,5726824,BV1YEbezgE9b,【警校组】天堂再就业,1755090831,2025-08-13 21:13:51,1125,13,1,26,38115486,世界第一的鸦介桑,17
萩原研二,5726824,BV1UrbhzoEA3,【当名柯声优在其他日漫】『6.三木真一郎』,1755079310,2025-08-13 18:01:50,1271,6,0,150,1307545705,Elektromagneti,17
萩原研二,5726824,BV1o1bFzXEUc,最近画的。,1755051233,2025-08-13 10:13:53,159,6,1,12,3546659139095049,-_-mO某人,17
萩原研二,5726824,BV1oPbFzDEXb,【萩松】快樂似傳說 結局太幽怨——33秒简单回顾这对葬身爆炸中的幼驯染,1755026357,2025-08-13 03:19:17,728,9,0,34,687142239,Matsu_ykn01,17
萩原研二,5726824,BV1RMtZzgEqa,萩松-请和这样的我恋爱吧~,1755017073,2025-08-13 00:44:33,2893,26,1,14,7534087,BCBC_BC,17
萩原研二,5726824,BV18LtZziErM,【柯南TCG】锐评柯南TCG第六弹新卡！黄色篇～松田阵平SR到底是什么水平？,1755015915,2025-08-13 00:25:15,763,3,1,1703,1221511814,CP39,17
萩原研二,5726824,BV1deb5z4ESy,【香水切煤开箱】从乐一番切回来的第不知道多少瓶香水——松田阵平/萩原研二/降谷零,1754991000,2025-08-12 17:30:00,1590,17,0,63,8348517,Yoong_碳酸水,17
萩原研二,5726824,BV1sNtozWENu,研二：小阵平~。,1754989674,2025-08-12 17:07:54,274,6,0,23,3546839343172043,親吻零,17
萩原研二,5726824,BV1MSbGzzEYa,[名柯]萩松/爆处组    信仰,1754901620,2025-08-11 16:40:20,327,1,0,48,3546717347646301,1412赛高,17
萩原研二,5726824,BV1C6bVzeEvw,萩原研二MV向｜クリア,1754894339,2025-08-11 14:38:59,1070,7,0,36,7925977,火鸡面面子-,17
萩原研二,5726824,BV1Aqb3zfEH5,萩原研二｜“你存在 我深深的脑海里”,1754881985,2025-08-11 11:13:05,516,6,0,15,7925977,火鸡面面子-,17
萩原研二,5726824,BV1fLtez7ErN,依旧是小萩（谁来懂一下我最后一张图,1754787562,2025-08-10 08:59:22,66,4,0,5,3546659139095049,-_-mO某人,17
萩原研二,5726824,BV1cgtezQEQX,出门玩,1754787266,2025-08-10 08:54:26,43,0,0,46,3546659139095049,-_-mO某人,17
萩原研二,5726824,BV1rptbzMEJh,【萩松】献上本世纪最后的求婚。,1754736984,2025-08-09 18:56:24,1232,10,4,112,341467209,我走了哦,17
萩原研二,5726824,BV1FTt8zMEaT,萩原の夏天🎐,1754729574,2025-08-09 16:52:54,2116,28,0,27,7925977,火鸡面面子-,18
萩原研二,5726824,BV13zt4zUEzN,可是我遗憾呐,1754721375,2025-08-09 14:36:15,4196,30,5,24,3546559260134180,会长预备役小杨,18
萩原研二,5726824,BV1m7tHztEYs,【降谷零中心  |  警校组（景零萩松)】“请...超度我”,1754704800,2025-08-09 10:00:00,1852,9,0,182,281672950,斟酒念诗文,18
萩原研二,5726824,BV1ybtxziEEQ,【警校组声真似 with白马/生肉】ゼロ不在でも心は１つ！ゼロの回答に一致させろ,1754701666,2025-08-09 09:07:46,1546,28,35,3346,2158416,Murasame_Akari,18
萩原研二,5726824,BV1QMtHzeEPt,【死别/萩松】再见了夏天，和你一起的回忆。,1754674281,2025-08-09 01:31:21,556,2,0,89,341467209,我走了哦,18
萩原研二,5726824,BV1LHtpzyEKC,我的幼驯染敢吃（）,1754662163,2025-08-08 22:09:23,567,3,0,14,3546743207627041,章鱼烧u酱,18
萩原研二,5726824,BV1MwtmzvEZJ,《班长说有时候真的想报警之嫂子开门我躲床上》,1754660141,2025-08-08 21:35:41,5253,31,3,355,442037792,三十二eve,18
萩原研二,5726824,BV1Tnt2zYEWx,5-4,1754628560,2025-08-08 12:49:20,614,6,37,20,3546717347646301,1412赛高,18
萩原研二,5726824,BV1K7tyzoEoP,小阵平的情意绵绵剑~,1754616161,2025-08-08 09:22:41,721,10,0,11,3546743207627041,章鱼烧u酱,18
萩原研二,5726824,BV1DDtyzPErt,最近一直在画梗图,1754614954,2025-08-08 09:02:34,786,14,0,15,3546659139095049,-_-mO某人,18
萩原研二,5726824,BV1qytvz7Ed9,千速姐：来拍这俩弟弟记录生活,1754582409,2025-08-08 00:00:09,66,1,0,16,3493114473875483,Kmy-Rin,18
萩原研二,5726824,BV1zNtNzaE6u,你幼驯染是给啊~,1754539200,2025-08-07 12:00:00,1867,10,44,16,123760068,小雁子哒哒,18
萩原研二,5726824,BV1uAtKzXE7C,萩松】史上最糟糕的爬台视频你见过没，两人排练两次就敢表演，一个拍子没对上，下场还有场自由搏击要打,1754535611,2025-08-07 11:00:11,781,13,0,180,486966925,长蓝爱吃酱饭,18
萩原研二,5726824,BV1qNtNzaEep,【名柯/警校五人组】“越是拼命向前伸手 渴望之物越是渐行渐远”,1754511794,2025-08-07 04:23:14,12811,7,0,247,635595164,爱吃鱼的兔子シ,18
萩原研二,5726824,BV1VftNzxEju,白月光与白月光的白月光,1754498383,2025-08-07 00:39:43,1622,2,0,19,3546717347646301,1412赛高,18
萩原研二,5726824,BV1BitczREaY,班长：我真没空跟你们闹了,1754477373,2025-08-06 18:49:33,4832,22,2,22,1692247313,我真的好饿----,18
萩原研二,5726824,BV1ZYtJzzEwr,不要把小阵平带走！,1754396412,2025-08-05 20:20:12,842,12,0,13,3546743207627041,章鱼烧u酱,18
萩原研二,5726824,BV1xCtVzBEXW,【萩松】你听见我在哭吗,1754327840,2025-08-05 01:17:20,4584,8,0,236,161714429,橘子幻想曲,18
萩原研二,5726824,BV1qnt3z1EJb,live2d版堂堂登场,1754314753,2025-08-04 21:39:13,13692,60,55,21,505898995,居安_JUAN_,18
萩原研二,5726824,BV1Ghh3zSE9h,这个男人叫做零，包了名柯一半的刀子,1754207671,2025-08-03 15:54:31,1343,19,13,280,594685501,温水煮青柠ing,18
萩原研二,5726824,BV1AThuzbEJb,所以这样的男人我们能娶吗？,1754200075,2025-08-03 13:47:55,352,1,0,119,39341244,瓦吉特Wadjet,19
萩原研二,5726824,BV1kmhTzpEuR,【最后一页】我要真死了，你可要替我报仇哦,1754184712,2025-08-03 09:31:52,868,1,0,181,673400217,lqiay,19
萩原研二,5726824,BV1hmhKzYE3y,卡穿搭（含萩松）,1754157819,2025-08-03 02:03:39,461,3,0,36,3546743207627041,章鱼烧u酱,19
萩原研二,5726824,BV11k82zNE7L,萩松set开箱｜松田阵平警官证/方吧唧/杯垫/便签本 杀青后请快乐生活吧,1754107200,2025-08-02 12:00:00,2906,5,0,105,8348517,Yoong_碳酸水,19
萩原研二,5726824,BV1LShHz7EFo,降谷零和佐藤美和子的马自达RX-7渊源,1754040055,2025-08-01 17:20:55,1889,11,1,182,321789999,我从不粉真人,19
萩原研二,5726824,BV18d8mzLE6d,研二酱抖舞小视频合集,1753979172,2025-08-01 00:26:12,598,6,0,27,190216123,包包包包个奶牛猫,19
萩原研二,5726824,BV1uo8mzyEcg,趁着还没被千速姐抽赶紧发,1753979020,2025-08-01 00:23:40,2111,32,5,29,190216123,包包包包个奶牛猫,19
萩原研二,5726824,BV1ud81zqEsF,【名柯手书/萩松】 Just Friends,1753967601,2025-07-31 21:13:21,810,12,0,59,543738571,國產鴛小鴦,19
萩原研二,5726824,BV1Gy8CzMEhA,づ♡ど,1753955670,2025-07-31 17:54:30,1708,6,0,18,2048406916,松田志平,19
萩原研二,5726824,BV1dV8kzBEh8,喜之郎~果肉果冻（警五版,1753937986,2025-07-31 12:59:46,739,18,4,13,39341244,瓦吉特Wadjet,19
萩原研二,5726824,BV1oQ8kzkE7E,【名侦探柯南声真似/生肉】警校组with白马 VS 名侦探柯南少年侦探团【合作特别企划】,1753932128,2025-07-31 11:22:08,2035,29,5,13994,2158416,Murasame_Akari,19
萩原研二,5726824,BV1qbhwzFES6,当萩原给降谷安利马自达并成功后,1753844589,2025-07-30 11:03:09,1433,10,1,12,7871399,如何速通人生游戏,19
萩原研二,5726824,BV1ru8dzUEMG,[名侦探柯南]万圣节的新娘，警四cut,1753805535,2025-07-30 00:12:15,775,3,0,175,35128080,苏尘依,19
萩原研二,5726824,BV1aw8RzvEtk,【柯南/警校五人组x雨与佩特拉】MAD,1753788113,2025-07-29 19:21:53,575,4,2,630,1826756421,elEnaa_913,19
萩原研二,5726824,BV1dq8nzkEyY,12月7日，营救行动大成功,1753715237,2025-07-28 23:07:17,162,0,0,7,3546559260134180,会长预备役小杨,19
萩原研二,5726824,BV1Zb8EzgESh,被hagi骗来拍手势舞的小阵平～,1753704085,2025-07-28 20:01:25,1736,8,0,24,99989269,白泽小皇帝11,19
萩原研二,5726824,BV1e78JzqEHM,【AIcover | 萩原研二】hagi翻唱美美桑内One Spot,1753704000,2025-07-28 20:00:00,2065,10,64,148,23312581,某小熙_HyoHee,19
萩原研二,5726824,BV1wT8GzwEJ9,杀青啦>ᴗoಣ,1753640882,2025-07-28 02:28:02,2240,20,2,12,1498796127,某只鬼鬼祟祟的海豹,19
萩原研二,5726824,BV1zo8GzoEwn,【警五】超度我,1753632404,2025-07-28 00:06:44,264,1,0,33,571682556,火因巸灬,19
萩原研二,5726824,BV1ef8gzmExH,警校五人組《再次重逢的世界》(字幕版),1753619478,2025-07-27 20:31:18,683,3,0,282,3546682973227612,さととたかぎ,19
萩原研二,5726824,BV1kk8gzbE68,警校五人組《再次重逢的世界》,1753618454,2025-07-27 20:14:14,445,6,0,282,3546682973227612,さととたかぎ,20
萩原研二,5726824,BV1Zf8vz9EZi,萩松：穿搭要显贵,1753607257,2025-07-27 17:07:37,2531,25,2,15,7871399,如何速通人生游戏,20
萩原研二,5726824,BV1RZ8Yz2E1H,【沈める街】诸伏景光の一生,1753595826,2025-07-27 13:57:06,19909,58,9,39,1264514029,焰火耶比,20
萩原研二,5726824,BV1sX8tz1EQX,警五style,1753544430,2025-07-26 23:40:30,928,8,0,55,571682556,火因巸灬,20
萩原研二,5726824,BV12Sb9zSEPh,怎么不算遗憾呢,1753449378,2025-07-25 21:16:18,670,8,0,23,3546559260134180,会长预备役小杨,20
萩原研二,5726824,BV1SabSz1Emt,当你让男同事帮忙拍照 但他只会拍马自达｜萩松,1753431020,2025-07-25 16:10:20,3206,23,155,18,123760068,小雁子哒哒,20
萩原研二,5726824,BV1uGbDzEEU5,[萩松]应该算是一个短小的手书,1753423379,2025-07-25 14:02:59,2043,10,2,16,1345263501,potatozdylz,20
萩原研二,5726824,BV1pbbDzqEZP,修改版忘发了(ooc致歉),1753417271,2025-07-25 12:21:11,216,0,0,15,1961292662,陳念凡,20
萩原研二,5726824,BV12xbCzxEfM,vlog|带着我产品去看m28啦～,1753361179,2025-07-24 20:46:19,469,4,0,110,2466240,淳淳_hgmt,20
萩原研二,5726824,BV1qmbCz3Epd,萩松的“马自达”挑战,1753356514,2025-07-24 19:28:34,524,2,0,9,99989269,白泽小皇帝11,20
萩原研二,5726824,BV12r8czuETv,让零看看大家在干嘛,1753282352,2025-07-23 22:52:32,996,7,1,19,3546559260134180,会长预备役小杨,20
萩原研二,5726824,BV1mfgHzUEci,【AIcover | 警校组】警校五人组翻唱美美桑内One Spot,1753272000,2025-07-23 20:00:00,17058,48,125,148,23312581,某小熙_HyoHee,20
萩原研二,5726824,BV1kYgWz5EPf,研二：不穿防爆服咋了？,1753187406,2025-07-22 20:30:06,4961,15,4,10,7871399,如何速通人生游戏,20
萩原研二,5726824,BV1hRg5zMED5,［警五|回忆胶卷］“我又泪流满面你不在我身边，芒草在山巅痛苦还留在眉间”,1753115404,2025-07-22 00:30:04,434,3,0,30,3494362421922022,仝顾,20
萩原研二,5726824,BV1zzg5zEEed,给我发十块钱,1753112806,2025-07-21 23:46:46,392,3,0,14,1961292662,陳念凡,20
萩原研二,5726824,BV1bRgGz8E7N,警四meme,1753097372,2025-07-21 19:29:32,3954,14,1,16,695824001,无言和芋圆上西楼,20
萩原研二,5726824,BV1PigzztELy,“我和你在梦里只差一厘米”,1753074482,2025-07-21 13:08:02,1741,14,0,20,7925977,火鸡面面子-,20
萩原研二,5726824,BV1dighzsEev,【名柯｜警校五人组】天妒英才敷薄命，地销文骨失真传,1753018592,2025-07-20 21:36:32,584,4,0,205,401018487,梦惊回,20
萩原研二,5726824,BV1xzgazGEPk,最好的警校五人组T^T——第一次剪辑，纯纯的为爱发电，有很多地方比较粗糙，质量比较低，请多多包涵*^_^*,1753013139,2025-07-20 20:05:39,318,8,0,31,1879528284,泡泡屁屁茶,21
萩原研二,5726824,BV12vg8zTEVU,【名侦探柯南1134】警校五人组，这集真的很好哭(*꒦ິ⌓꒦ີ),1753000118,2025-07-20 16:28:38,300,2,0,91,19877192,白莫权,21
萩原研二,5726824,BV1jQgtzmEn6,【警校五人组】恭喜你们毕业啦！！！,1752985444,2025-07-20 12:24:04,7937,3,56,37,57412983,一只白珞,21
萩原研二,5726824,BV1WjgbzhEbZ,画完自己都觉得自己贱,1752981447,2025-07-20 11:17:27,2686,27,5,24,3546559260134180,会长预备役小杨,21
萩原研二,5726824,BV1MGufzQEs1,「长夜尽头终见曙光」降谷零/安室透 X 警校五人组 /《TWILIGHT！！！》（警校五人组版）,1752943976,2025-07-20 00:52:56,2417,4,1,225,33977365,君叶红枫,21
萩原研二,5726824,BV1Mvg3zsENV,太爷您的白月光归国了！,1752819829,2025-07-18 14:23:49,268,5,0,16,1150292132,卡慕慕是个大冤种的说,21
萩原研二,5726824,BV1KYgTzgEH5,“你走后的天还那么蓝”｜萩松向cos,1752763135,2025-07-17 22:38:55,2052,30,1,17,648974372,墨無無無無,21
萩原研二,5726824,BV1LcubzmEhY,【萩松】妈呀第一次做meme,1752676083,2025-07-16 22:28:03,3802,27,2,34,1264514029,焰火耶比,21
萩原研二,5726824,BV1Lru4zkEK5,【互】乐一番7月切煤开箱～,1752661373,2025-07-16 18:22:53,602,90,1,304,2466240,淳淳_hgmt,21
萩原研二,5726824,BV1youszXEa5,点击即看萩松窒息play（你就说窒没窒息吧）,1752645171,2025-07-16 13:52:51,6848,23,9,14,695824001,无言和芋圆上西楼,21
萩原研二,5726824,BV1Zpunz8EM9,vlog|两天的爆处幼驯染限时体验券,1752591736,2025-07-15 23:02:16,766,15,0,51,190216123,包包包包个奶牛猫,21
萩原研二,5726824,BV1Uxuyz1Egn,零，你也想他们了吧,1752558463,2025-07-15 13:47:43,231,2,0,24,3546938414729325,念旧小洋芋,21
萩原研二,5726824,BV14zuzzaEYU,【松萩】省流：和幼驯染上床了（？）,1752503988,2025-07-14 22:39:48,1301,6,1,25,190216123,包包包包个奶牛猫,21
萩原研二,5726824,BV1VTu6zVEHT,马赛克之后还能当宣传视频吗小阵平,1752498318,2025-07-14 21:05:18,1460,19,0,17,190216123,包包包包个奶牛猫,21
萩原研二,5726824,BV1gtuqzwEY4,爆处的heart111,1752496250,2025-07-14 20:30:50,762,8,0,30,190216123,包包包包个奶牛猫,21
萩原研二,5726824,BV1AyuqznETg,最新视频已上线，快来围观！,1752493415,2025-07-14 19:43:35,157,6,0,18,1345263501,potatozdylz,21
萩原研二,5726824,BV129uizsEUX,那个便利店的花衬衫组,1752466102,2025-07-14 12:08:22,2885,13,2,19,190216123,包包包包个奶牛猫,21
萩原研二,5726824,BV1vYuezcEtc,【警校组声真似 with白马/生肉】うぃずはくアフター【嘉宾：诸伏高明】,1752461224,2025-07-14 10:47:04,1757,9,0,2943,2158416,Murasame_Akari,21
萩原研二,5726824,BV1BsueziEQT,【警校组声真似 with白马/生肉】まさかの高明兄さん参戦！？【名侦探柯南声真似】,1752458472,2025-07-14 10:01:12,3990,8,18,5201,2158416,Murasame_Akari,21
萩原研二,5726824,BV1hmuPzuEMr,一肚子坏水专门给幼驯染憋的,1752417312,2025-07-13 22:35:12,1441,7,0,17,190216123,包包包包个奶牛猫,21
萩原研二,5726824,BV1oSuczgEU8,赏脸跳个舞吗小阵平,1752414036,2025-07-13 21:40:36,1443,11,0,10,190216123,包包包包个奶牛猫,22
萩原研二,5726824,BV1fkMfzTEBN,【名侦探柯南】梦向图文投稿数量动态排名-截至2025.07.08【P站】,1752373979,2025-07-13 10:32:59,29102,191,205,167,387235,平成的夏洛克,22
萩原研二,5726824,BV1bWMfznE8g,“但我更想跟你们一起啊”,1752372873,2025-07-13 10:14:33,555,8,0,14,29056570,水果烧烤派派派派,22
萩原研二,5726824,BV1YbMdzJE5H,爆处同居日常|小阵平说一秒都不用剪,1752335618,2025-07-12 23:53:38,867,8,1,49,190216123,包包包包个奶牛猫,22
萩原研二,5726824,BV1M9MXziEwR,老公你说句话啊,1752332762,2025-07-12 23:06:02,1902,16,0,14,190216123,包包包包个奶牛猫,22
萩原研二,5726824,BV15rMXzyEwz,研二酱教你发射幼驯染小游戏,1752330642,2025-07-12 22:30:42,533,4,0,8,190216123,包包包包个奶牛猫,22
萩原研二,5726824,BV1t7u7zTE96,【爆处组】失去你的我,1752295992,2025-07-12 12:53:12,1068,10,0,27,190216123,包包包包个奶牛猫,22
萩原研二,5726824,BV11auGzHEmS,【萩松】音频过气了我也开画了,1752240191,2025-07-11 21:23:11,1332,14,0,12,357617534,xxpp-,22
萩原研二,5726824,BV1QJugzQEtL,【警校五人组】警校五人组四大美德怎么都有你啊~马自达！！,1752234639,2025-07-11 19:50:39,19144,12,117,102,57412983,一只白珞,22
萩原研二,5726824,BV17xu3zqErY,表情包改的松田和萩原热舞哈哈哈,1752223585,2025-07-11 16:46:25,471,7,0,13,3546918516951348,蛇院滴,22
萩原研二,5726824,BV1VauuzRERA,5片花瓣合成一朵樱花 真的会实现愿望吗……,1752204618,2025-07-11 11:30:18,298,4,2,30,3537108555794752,AaaaaaaaZERO,22
萩原研二,5726824,BV1wnG3zQEDL,【吐槽谷子开箱】冷门妈的传奇拼团人生,1752154364,2025-07-10 21:32:44,518,1,0,362,2466240,淳淳_hgmt,22
萩原研二,5726824,BV18DG3zFEqV,可是我的身体可是冷了可不可以抱我一下,1752143107,2025-07-10 18:25:07,816,5,0,15,3493127797082559,蘸啵碎碎念,22
萩原研二,5726824,BV1oaGuzvEXn,5-4=0,1752134405,2025-07-10 16:00:05,265,1,0,18,511666185,海棠芋泥共眠,22
萩原研二,5726824,BV1b8GgzdEsc,【含萩松】客人水杯空了怎么办,1752127578,2025-07-10 14:06:18,5921,7,1,22,571682556,火因巸灬,22
萩原研二,5726824,BV1jzGwzmEeC,《咱们四个》,1752043407,2025-07-09 14:43:27,2686,21,4,16,571682556,火因巸灬,22
萩原研二,5726824,BV1MqGWzbEcB,【已更换完整版】晚安大小姐,1751997381,2025-07-09 01:56:21,1991,10,6,52,571682556,火因巸灬,22
萩原研二,5726824,BV1PqGHzDEuz,重逢,1751979327,2025-07-08 20:55:27,308,1,0,14,2048406916,松田志平,22
萩原研二,5726824,BV1saGJzjEob,萩原可怜表情,1751972793,2025-07-08 19:06:33,142,6,0,8,3546839343172043,親吻零,22
萩原研二,5726824,BV1FBG7zeEzE,便利店结尾彩蛋,1751953725,2025-07-08 13:48:45,587,20,2,12,3546839343172043,親吻零,23
萩原研二,5726824,BV1AGGEz3EDp,可惜…你不看名侦探柯南…不知道,1751953327,2025-07-08 13:42:07,1100,6,1,16,3546655047551023,TT_suang,23
萩原研二,5726824,BV1hBGEzpEme,“我那早死的白月光”,1751948863,2025-07-08 12:27:43,61,0,0,6,1150292132,卡慕慕是个大冤种的说,23
萩原研二,5726824,BV1YYGEzdEvJ,感谢豆包让我的白月光活了,1751948620,2025-07-08 12:23:40,180,0,0,15,1150292132,卡慕慕是个大冤种的说,23
萩原研二,5726824,BV1CS3kzuE43,柯南【盘上的连锁】游戏主界面Hagi语音,1751870586,2025-07-07 14:43:06,332,2,0,46,492246824,Matsuda陣平酱,23
萩原研二,5726824,BV12R3qz8E2r,浅浅赶个末班车，不是很会剪，转场和音乐衔接都很一般般，凑合着看吧，音乐用的是臙脂和诀别书,1751821374,2025-07-07 01:02:54,1065,7,7,73,3546593781352899,bili_78667046448,23
萩原研二,5726824,BV1623fzLEfS,【警校五人组】降谷零：我更想和你们在一起啊,1751776486,2025-07-06 12:34:46,114071,49,120,139,57412983,一只白珞,23
萩原研二,5726824,BV12a3fzRE7Z,开箱｜警五日婚吧唧 收到谷就像吃饱饭一样幸福,1751774743,2025-07-06 12:05:43,2952,16,2,51,8348517,Yoong_碳酸水,23
萩原研二,5726824,BV1TXGFzcE1z,五瓣花瓣合成一片樱花，实现愿望的魔法,1751761353,2025-07-06 08:22:33,53,2,0,38,1474331917,猫爪在上orz,23
萩原研二,5726824,BV1663ozrEHY,看广告助力复活——,1751729032,2025-07-05 23:23:52,576,7,0,23,94885609,coser千凌羽,23
萩原研二,5726824,BV1hf3RzDEhi,松田君什么都做不好,1751712215,2025-07-05 18:43:35,16537,58,7,26,3493115151256188,DuDuDust,23
萩原研二,5726824,BV1bo3Xz5EHk,绝了，离谱！,1751699680,2025-07-05 15:14:40,40,0,0,8,1150292132,卡慕慕是个大冤种的说,23
萩原研二,5726824,BV1xA3QzaEwJ,萩原其實冥冥之中救了所有人⋯也許他們都在我們看不見的地方陪伴著零吧,1751690984,2025-07-05 12:49:44,1896,5,0,60,1058300086,名侦探柯南动画剪辑,23
萩原研二,5726824,BV1WK3Qz8EbP,【警校五人组】搞笑名场面 这集请不要喝水观看,1751689341,2025-07-05 12:22:21,258654,29,187,98,57412983,一只白珞,23
萩原研二,5726824,BV1MX3jzGEoC,我允许青山使用金手指复活他们！,1751637957,2025-07-04 22:05:57,5841,15,0,62,3546860771871230,爆火出圈,23
萩原研二,5726824,BV1ng37zfEgU,盘点一下警校五人组,1751622175,2025-07-04 17:42:55,7492,4,20,182,2123272671,独爱名柯,23
萩原研二,5726824,BV1Py37ziEyL,“拜天呀，我不信漫天神佛；拜地呀，我不服命运挑拨”【安室透中心｜二拜天地】,1751621220,2025-07-04 17:27:00,10231,15,5,46,1504194986,辜koo,23
萩原研二,5726824,BV1KB37z6E7S,英文底图的含义:你就像我心里一颗枝繁茂叶的树停留在最好的光阴里开花结果都不是它的宿命唯有长青,1751618193,2025-07-04 16:36:33,90,0,0,16,3493125462952614,波本的隐匿,23
萩原研二,5726824,BV1iU3azFE7j,【警校组】约会的餐厅里全是便衣同事,1751508062,2025-07-03 10:01:02,33497,75,195,456,179987980,Alpacava,23
萩原研二,5726824,BV1xn38z6EwH,小降谷/金毛混蛋/zero/降谷别哭5-4=0,1751467200,2025-07-02 22:40:00,210,1,0,7,3493120448662446,义乌供应链,23
萩原研二,5726824,BV1GF3xzzEHD,“景光的哥哥真帅啊，萩。”,1751446089,2025-07-02 16:48:09,462,5,0,8,101665438,原是夜白,24
萩原研二,5726824,BV1rj3Hz3E3w,“每一帧我都格外珍惜”,1751384195,2025-07-01 23:36:35,219,2,1,5,1150292132,卡慕慕是个大冤种的说,24
萩原研二,5726824,BV14dgkz3Ebm,他本不會拆彈，教他的是松田；他本不會做飯，教他的是景光；他本沒有那麼好的車技，教他的是萩原；他總是被排擠，照顧他、讓他學會與人相處的是伊達。,1751299550,2025-07-01 00:05:50,1546,4,0,16,1058300086,名侦探柯南动画剪辑,24
萩原研二,5726824,BV1DMgkzVEF8,警校组的大家也要ぷんちきぱやっぱーヾ(゜∀゜)ノ♪,1751274642,2025-06-30 17:10:42,6798,14,8,68,571682556,火因巸灬,24
萩原研二,5726824,BV155grznE1h,加班加多了好像看到了死去的同期在和我打招呼,1751255925,2025-06-30 11:58:45,7155,14,5,14,1264514029,焰火耶比,24
萩原研二,5726824,BV1tEgZzQEJh,帅帅哒,1751156371,2025-06-29 08:19:31,157,0,0,12,3493125462952614,波本的隐匿,24
萩原研二,5726824,BV1UFK1zrEZg,大家都没啦！,1751083117,2025-06-28 11:58:37,383,11,0,15,3546738281416725,聪明蛋曹小海,24
萩原研二,5726824,BV1tMKfzCEyo,【名柯/手书】警校组的III,1751018400,2025-06-27 18:00:00,35094,106,27,41,2933165,和綺桃桃,24
萩原研二,5726824,BV1kCTFzBEG6,[爆处组/手书]拆弹MVP结算画面,1750968368,2025-06-27 04:06:08,8312,46,7,31,37115794,健画人,24
萩原研二,5726824,BV1dPKHzDEMP,柯南M28 小兰赞哀像科学家 明年M29预告 千速第二版,1750854167,2025-06-25 20:22:47,18712,29,1,37,16219537,絶対女王,24
萩原研二,5726824,BV1yWK7zHEKp,【警校F4】决战车神之巅,1750825390,2025-06-25 12:23:10,2254,9,3,44,179987980,Alpacava,24
萩原研二,5726824,BV1D6K3zjEKa,继百万美元又一个大毒池,1750759800,2025-06-24 18:10:00,122,4,0,85,34419523,派大欣zzz,24
萩原研二,5726824,BV1E5NyzJEkM,最喜欢的名侦探柯南片头曲I can't stop my love for you.,1750489299,2025-06-21 15:01:39,4267,45,0,261,3546751499765892,シャンペン問題,24
萩原研二,5726824,BV14KKwzUE4Z,男高爆处组会悄悄把所有视频拍成双人的,1750385672,2025-06-20 10:14:32,275,4,0,12,1780759330,Never莱文,24
萩原研二,5726824,BV1ZPN7z3Ep7,做这样的周边可以但没必要……,1750226751,2025-06-18 14:05:51,112860,180,141,19,8521026,Syoyu酱油,24
萩原研二,5726824,BV1jsMvzaEcw,【警校组声真似/生肉】名探偵コナン劇場版記念！with白马 復活配信 第二场,1750046874,2025-06-16 12:07:54,1732,17,16,4186,2158416,Murasame_Akari,24
萩原研二,5726824,BV1LsMvzaEzk,【警校组声真似/生肉】名探偵コナン劇場版記念！with白马 復活配信,1750046405,2025-06-16 12:00:05,2383,46,19,4821,2158416,Murasame_Akari,24
萩原研二,5726824,BV14tM4ztEZg,【萩原研二/手书】“宁静的大海会带走一切。”,1749965960,2025-06-15 13:39:20,2190,18,0,178,1847193717,跳下去啦,24
萩原研二,5726824,BV1BiTZzbE5V,我那不穿防爆服的早逝白月光,1749684870,2025-06-12 07:34:30,2208,7,0,18,1129416792,聆雨不淋雨,24
萩原研二,5726824,BV12pM3z1EC4,【警校组】便利店事件胜利结算画面,1749561065,2025-06-10 21:11:05,2975,25,7,203,179987980,Alpacava,24
萩原研二,5726824,BV14dTvz7Ejj,【警校五人组】|“虽然并不顺利 但我会试着好好活下去”| 示弱/ヨワネハキ,1749535200,2025-06-10 14:00:00,3034,32,5,167,381732141,樱咲摆不烂,25
萩原研二,5726824,BV1DRTUzsEhq,【名侦探柯南|桌宠】做了一个萩原研二【无偿】,1749346048,2025-06-08 09:27:28,579,10,0,83,1777246560,凯木樨Caylor,25
萩原研二,5726824,BV1T4TuzGE9p,我们结婚啦！,1749206916,2025-06-06 18:48:36,1924,10,2,22,2048406916,松田志平,25
萩原研二,5726824,BV1PhTtzHEb9,【警校组】KTV毕业联谊歌会（声优梗）,1749123169,2025-06-05 19:32:49,6275,33,28,5071,179987980,Alpacava,25
萩原研二,5726824,BV1h2TWz9E5M,【柯南手书/萩松高佐】甚至无法成为情敌,1749096136,2025-06-05 12:02:16,3872,29,0,49,11192243,鸡级几寄,25
萩原研二,5726824,BV1FoT7z9Edm,【互】乐一番6月切煤开箱～,1749028636,2025-06-04 17:17:16,537,91,0,279,2466240,淳淳_hgmt,25
萩原研二,5726824,BV17b7hz1EjE,【萩松】可爱日历,1748957641,2025-06-03 21:34:01,551,10,0,37,3546707788827046,看日漫真是我的报应,25
萩原研二,5726824,BV1u772zuE76,I LOVE YOU SO,1748843238,2025-06-02 13:47:18,13334,56,5,27,3493115151256188,DuDuDust,25
萩原研二,5726824,BV1Nu7KzpEBP,果然人不可能一直那么欧,1748749500,2025-06-01 11:45:00,1932,5,0,103,319482507,竹子想停谷丶,25
萩原研二,5726824,BV1f77PzMEQZ,【萩松】为什么会有那么多坏话,1748696732,2025-05-31 21:05:32,7162,12,0,21,1264514029,焰火耶比,25
萩原研二,5726824,BV1ka7NzmE6k,是你吗，研二…,1748683194,2025-05-31 17:19:54,349,3,0,20,3546738281416725,聪明蛋曹小海,25
萩原研二,5726824,BV1t77AzJEGz,柯南【盘上的连锁】情人节Hagi语音,1748668713,2025-05-31 13:18:33,660,2,0,29,492246824,Matsuda陣平酱,25
萩原研二,5726824,BV1pw7pzwEyT,《梦回》名柯警校组摸鱼横插绘画过程,1748612279,2025-05-30 21:37:59,679,18,1,244,1935463749,社冷成分,25
萩原研二,5726824,BV1F17EzjEci,柯南M29新预告：萩原松田登场预定！,1748579572,2025-05-30 12:32:52,2828,11,0,22,1344754054,新兰咖喱酱,25
萩原研二,5726824,BV1BdjtziEs7,【超级短视频】警校组,1748090582,2025-05-24 20:43:02,46,1,0,5,3546881862928932,超级杂食咸鱼,25
萩原研二,5726824,BV1D8jtzWEzB,［爆处组］失去你的我,1748062038,2025-05-24 12:47:18,420,6,0,30,1758884902,蓝毛衣-,25
萩原研二,5726824,BV1vyJBzvERQ,【爆处组】天台,1747818279,2025-05-21 17:04:39,1988,4,0,22,455341217,Silence-啞戲,25
萩原研二,5726824,BV1kMJqz3Ev3,【声真似/ツナカン】名侦探hagi（？）,1747801689,2025-05-21 12:28:09,1813,14,7,73,285585205,酷哇特萝大尉,25
萩原研二,5726824,BV1kVJ8z9EkX,【爆处组宣传片】做个文明霓虹金,1747738881,2025-05-20 19:01:21,322,2,1,138,341467209,我走了哦,25
萩原研二,5726824,BV1whEXzmE4b,【名柯手书/爆处组】每天回家都会看到研二他在装死,1747670400,2025-05-20 00:00:00,2390,51,27,168,364360424,谷谷是咕咕,25
萩原研二,5726824,BV1EGJAz6E9V,感觉特别适合萩原的眼镜就画了，萩松向的注意避雷,1747480110,2025-05-17 19:08:30,700,8,0,13,1345263501,potatozdylz,26
萩原研二,5726824,BV1ZqEEzyETP,【警校组】“我只想要拉住流年，好好的说声再见”,1747053839,2025-05-12 20:43:59,3211,15,68,45,354602679,空明流光moonlight,26
萩原研二,5726824,BV1inEJzLEmg,【警校组+娜塔莉】比起别的，我更喜欢你,1747042465,2025-05-12 17:34:25,380,12,2,31,37072159,魈宝一米五_,26
萩原研二,5726824,BV1J6E3z8E46,被娜塔莉小姐制裁了,1746992373,2025-05-12 03:39:33,131,9,0,8,37072159,魈宝一米五_,26
萩原研二,5726824,BV1kQEMzsEGb,【萩松】杀青喽～（小片段）,1746955844,2025-05-11 17:30:44,58,1,0,9,3493077706606665,家产你们崛起啊,26
萩原研二,5726824,BV1MvEMzTEzB,【谷子开箱】等等党的胜利之再贩放松q开箱,1746953897,2025-05-11 16:58:17,266,3,0,173,2466240,淳淳_hgmt,26
萩原研二,5726824,BV1TJV9zjE7J,当桃黑黑入侵萩松世界——《皇帝，你两个儿子都是给》,1746836469,2025-05-10 08:21:09,1233,8,1,33,240777979,偷只小鱼干,26
萩原研二,5726824,BV1L9VUzmEqw,［警五］可是有人的时光停滞不前,1746810070,2025-05-10 01:01:10,716,2,0,49,3494362421922022,仝顾,26
萩原研二,5726824,BV1j9VUzmExw,［警五］可是有人的时间停滞不前,1746810012,2025-05-10 01:00:12,586,3,0,49,3494362421922022,仝顾,26
萩原研二,5726824,BV19RVAzJEuW,【一人五役注意】那些年搞过的警校组,1746369826,2025-05-04 22:43:46,1484,8,0,42,14839725,笛笛爱您,26
萩原研二,5726824,BV1cLVVzoEyd,【互】乐一番5月切煤开箱～,1746175616,2025-05-02 16:46:56,511,83,0,256,2466240,淳淳_hgmt,26
萩原研二,5726824,BV1ZVGvzCEsG,萩原研二代餐石膏娃娃,1746090056,2025-05-01 17:00:56,8,0,0,9,1394618610,卷星耶耶耶,26
萩原研二,5726824,BV1zAGkzeEvA,警校组埃及摇❤️,1745908775,2025-04-29 14:39:35,2415,24,1,16,346997330,炫目蘑菇,26
萩原研二,5726824,BV1gnLmzuEPD,“问花问叶颜色正好 人生欢乐苦短几春宵”【安室透中心×天问】,1745832850,2025-04-28 17:34:10,8842,8,0,43,1504194986,辜koo,26
萩原研二,5726824,BV1RrjPzZELd,【松田阵平/萩原研二】拆弹殉职-意难平,1745734597,2025-04-27 14:16:37,680,2,1,339,35760608,我是一个柯学家,26
萩原研二,5726824,BV1fHLZz7Eay,怎么连诈尸也迟到我请问呢,1745726400,2025-04-27 12:00:00,2236,49,0,14,3546708608813594,悬着的心终于起飞了_,26
萩原研二,5726824,BV169LdzmEKB,突然想起来之前让朋友帮忙把这个图做成了动图,1745680481,2025-04-26 23:14:41,4042,32,7,32,1264514029,焰火耶比,26
萩原研二,5726824,BV1iFLozCEkB,周五快乐玩耍！,1745676396,2025-04-26 22:06:36,28,0,0,184,3537122130659830,初莳tsushi,26
萩原研二,5726824,BV1eNLozgEjk,研二酱把妹王（被小阵平揍,1745674770,2025-04-26 21:39:30,847,6,0,69,190216123,包包包包个奶牛猫,26
萩原研二,5726824,BV18yLDzJEem,【名侦探柯南｜警校五人组cos】永不落幕,1745630850,2025-04-26 09:27:30,2160,5,0,53,21512945,照_影,27
萩原研二,5726824,BV1oHLWzJEHg,研二酱的honey trap及才艺展示（大雾）,1745604171,2025-04-26 02:02:51,510,11,0,72,190216123,包包包包个奶牛猫,27
萩原研二,5726824,BV1EYLnzLEVw,我更喜欢你,1745598829,2025-04-26 00:33:49,1735,15,4,45,1480630101,白金小艾,27
萩原研二,5726824,BV1KoLnzfEov,【警校组·景零中心向】他们的宿命,1745594611,2025-04-25 23:23:31,4784,12,7,753,3546884312402602,宁月如风sunshine,27
萩原研二,5726824,BV17xLjzeEXD,以防你没看过条子辣舞,1745541569,2025-04-25 08:39:29,811,11,0,17,358689711,半熟芝士冷藏更好吃,27
萩原研二,5726824,BV1GfL4zQEvx,【名侦探柯南】盘上的连锁 萩原研二语音,1745402918,2025-04-23 18:08:38,2932,15,1,330,835876,苍白妄想,27
萩原研二,5726824,BV19f51z6E2c,还会再见到hagi吗,1745246736,2025-04-21 22:45:36,51,4,0,8,310917448,白枳子川,27
萩原研二,5726824,BV1qL5fz7EVp,【萩松】小阵平，对不起……,1745123628,2025-04-20 12:33:48,3164,4,1,61,1940718840,おやおや-,27
萩原研二,5726824,BV1LS5nz6EzY,是gay还是拆弹警察,1744998044,2025-04-19 01:40:44,2993,23,13,260,3493095490456340,白宫上闪闪发光的红旗,27
萩原研二,5726824,BV1g45izrERo,【名侦探柯南｜警校五人组 cos】给你讲个笑话吧,1744880282,2025-04-17 16:58:02,2091,14,2,34,21512945,照_影,27
萩原研二,5726824,BV1Ne5aznEQa,【警五】我更喜欢你,1744857868,2025-04-17 10:44:28,4132,17,1,23,1648531056,降谷夫人-,27
萩原研二,5726824,BV1JmoAYoEqT,【名侦探柯南｜萩松MAD】以我一身孤勇，与你共赴毁灭之路,1744801200,2025-04-16 19:00:00,33175,3,0,67,240777979,偷只小鱼干,27
萩原研二,5726824,BV1cxoLYhEGq,【互】乐一番4月切煤开箱2～,1744634448,2025-04-14 20:40:48,802,83,0,263,2466240,淳淳_hgmt,27
萩原研二,5726824,BV1gbo5YzENT,“混蛋Hagi，我给你打了好多电话你都没有接…你还回来吗…我好想你”,1744606012,2025-04-14 12:46:52,3459,32,4,9,240777979,偷只小鱼干,27
萩原研二,5726824,BV1GfdbYHE6M,悬溺一响，白月光松田阵平登场,1744451037,2025-04-12 17:43:57,989,1,0,118,3546738281416725,聪明蛋曹小海,27
萩原研二,5726824,BV1LndHYNEN9,萩松时间停止的那一刻,1744101716,2025-04-08 16:41:56,146,14,0,2889,12758427,嗜血恶魔喵喵X,27
萩原研二,5726824,BV1njR6YdE5o,警校五人组的刀子，敬请享用吧桀桀桀,1743946706,2025-04-06 21:38:26,890,17,0,121,3546789705681088,零念松萩景航,27
萩原研二,5726824,BV138RBYuE5Y,【互】乐一番4月切煤开箱～,1743930900,2025-04-06 17:15:00,450,87,0,223,2466240,淳淳_hgmt,27
萩原研二,5726824,BV1Z4R9YxESK,【萩松】“Hagi，脏话是什么啊？”“脏话就是…”,1743817983,2025-04-05 09:53:03,806,9,0,20,240777979,偷只小鱼干,27
萩原研二,5726824,BV1JdZ1YLETT,【AIcover | 警校组】永不失联的爱,1743768000,2025-04-04 20:00:00,3520,14,4,254,23312581,某小熙_HyoHee,27
萩原研二,5726824,BV1fhZdYGEdY,桜花爛漫🌸,1743754332,2025-04-04 16:12:12,31,0,0,8,1469325732,AAA小虎猫批发,28
萩原研二,5726824,BV1AHZHYHELo,【谷子开箱】—名侦探柯南个人池吧唧警校组（原画最美丽！）,1743431446,2025-03-31 22:30:46,128,0,0,238,17244416,银桑de糖份,28
萩原研二,5726824,BV1XGZqYkE5o,萩松版《这游戏叫…如果你碰到我我就会嫁给你》,1743315221,2025-03-30 14:13:41,1043,6,3,28,240777979,偷只小鱼干,28
萩原研二,5726824,BV1P7oiY4ELX,【卡册翻翻看】新买的卡册就这样被装满了,1742987662,2025-03-26 19:14:22,217,0,0,27,2466240,淳淳_hgmt,28
萩原研二,5726824,BV1HWXaYwE8L,尝试一下长的视频，不喜勿喷，谢谢,1742730852,2025-03-23 19:54:12,559,8,1,334,3546789705681088,零念松萩景航,28
萩原研二,5726824,BV1uCX8Y6EYP,突发奇想的刀子,1742713932,2025-03-23 15:12:12,402,8,0,33,3546789705681088,零念松萩景航,28
萩原研二,5726824,BV1DJXbYTEFK,【萩松/命运】我属于你的注定，不属于我的命运,1742699378,2025-03-23 11:09:38,7496,6,0,75,668177182,芜菁明初,28
萩原研二,5726824,BV1uiXxYfEW4,警校组的寻常歌呀,1742656037,2025-03-22 23:07:17,312,2,0,131,12169686,lieumlie,28
萩原研二,5726824,BV1B8XCYoE7W,哈哈，一个零推和警五推秒懂的刀子,1742557047,2025-03-21 19:37:27,949,11,0,52,3546789705681088,零念松萩景航,28
萩原研二,5726824,BV1gDXeYHEgq,【萩原研二粘土人】我只要你哦~,1742475891,2025-03-20 21:04:51,22,4,0,8,1074730168,请吃折耳根冰淇淋,28
萩原研二,5726824,BV1JZXjYXEfx,警校五人组×若梦‖名侦探柯南,1742317149,2025-03-19 00:59:09,760,7,0,243,438882459,浅香Doris,28
萩原研二,5726824,BV1EqQ8YDEAH,【萩松】刷到原视频后火速p了,1742114856,2025-03-16 16:47:36,455,3,0,8,571682556,火因巸灬,28
萩原研二,5726824,BV12jQDYREBs,名柯︳警校五人组原创同人曲-繁樱和歌“在春天相遇 在冬天别离”,1742050318,2025-03-15 22:51:58,6749,22,3,194,26493894,子夜三更雪,28
萩原研二,5726824,BV1bAQWYSEcK,【互】乐一番3月切煤开箱～,1741787675,2025-03-12 21:54:35,435,84,0,290,2466240,淳淳_hgmt,28
萩原研二,5726824,BV124R8YuEL4,[无人知晓的我/警五]贯穿始终,1741488427,2025-03-09 10:47:07,786,4,0,117,2094880563,奈鹤山江,28
萩原研二,5726824,BV1kMR4Y9Et6,【警校五人组】《陪我过个冬》！！！,1741474800,2025-03-09 07:00:00,37480,9,101,33,244857361,阿笠博士音乐研究所,28
萩原研二,5726824,BV1DR99YVENE,【名柯警校五人组】欢迎来到童话世界  糖果屋,1741413195,2025-03-08 13:53:15,3485,13,6,90,1648531056,降谷夫人-,28
萩原研二,5726824,BV1Gu9dYXEfP,预制菜条子4位！客官里面请～,1741171330,2025-03-05 18:42:10,871,30,0,38,630165081,不愿社死,28
萩原研二,5726824,BV18Z9vYbEqU,【AI翻唱/萩原研二】失恋丧尸乐园,1740965305,2025-03-03 09:28:25,104,3,0,238,471487849,是笨蛋来着,28
萩原研二,5726824,BV1pm9aYzERj,[绘画过程[萩松]永远跳动的心,1740931474,2025-03-03 00:04:34,177,3,0,14,1839950808,永恆的刑罰,28
萩原研二,5726824,BV19x9uYsEQw,要说名柯意难平，还得是警校五人组，这本秘密档案更加透彻解析创作过程。从五人的性格特色、家人与重要的人到剧情解析，创作访谈等,1740733533,2025-02-28 17:05:33,362,2,0,29,3546656584763673,bili_cnpiecsz,29
萩原研二,5726824,BV16gPEeXE53,【萩松】兄弟，兄弟……,1740625635,2025-02-27 11:07:15,792,7,0,27,346997330,炫目蘑菇,29
萩原研二,5726824,BV1ZHPueWE2D,【萩原研二】【毛利兰】研二小兰的初遇，研二摸小小兰的头安慰她,1740233934,2025-02-22 22:18:54,2327,3,0,34,594024394,我永远爱毛利兰,29
萩原研二,5726824,BV1gXPKeiEuT,研二酱为什么走在最前面原来是因为他离开的最早，零也在想他们吧…,1740226070,2025-02-22 20:07:50,1563,15,1,13,3546379920083298,我不能没有阵平酱,29
萩原研二,5726824,BV1VEAJeVEsz,请把手指放在hagi的圆圈里～,1740022930,2025-02-20 11:42:10,624,18,0,15,499226321,予鱼呀,29
萩原研二,5726824,BV1sqAMehEHg,［萩松版］彩色复活券 萩原给松田打视频电话教他跳舞版哈哈哈,1739665177,2025-02-16 08:19:37,3232,22,0,22,648974372,墨無無無無,29
萩原研二,5726824,BV1JTK7e9EdF,剪了一个特别温馨的视频,1739384532,2025-02-13 02:22:12,4557,25,11,26,571682556,火因巸灬,29
萩原研二,5726824,BV1jZNieBE9o,五人组（虐）,1739252544,2025-02-11 13:42:24,483,1,0,17,3546848316885923,LOVE一诺平川,29
萩原研二,5726824,BV1HVFzeqExW,拽味快餐店（警校版）,1738468303,2025-02-02 11:51:43,3311,18,1,42,648974372,墨無無無無,29
萩原研二,5726824,BV1SVFLeJEH4,5-4=0,1738239979,2025-01-30 20:26:19,1678,19,0,20,3546710825503349,九九九感冒1,29
萩原研二,5726824,BV14FF5egE7f,[戏文说/名侦探柯南]初听只当戏，再听已懂曲中意。,1738219361,2025-01-30 14:42:41,9687,25,4,47,2094880563,奈鹤山江,29
萩原研二,5726824,BV1oWFtecEmv,【AIcover | 景零萩松】警察春节联欢会四位池面全力演唱idol,1738152000,2025-01-29 20:00:00,11735,39,6,214,23312581,某小熙_HyoHee,29
萩原研二,5726824,BV1NUFTeWE6V,努努旅行记①安徽——宏村🎊,1738149194,2025-01-29 19:13:14,214,4,0,21,669715525,猫大侠QwQ,29
萩原研二,5726824,BV1skFWeaE5C,大人们除夕快乐～（艰难地挤出）,1738052406,2025-01-28 16:20:06,10826,53,2,14,3493115151256188,DuDuDust,29
萩原研二,5726824,BV15RFHe1E6R,【名柯爆处组手书】我要问你….,1738036505,2025-01-28 11:55:05,2574,24,0,14,404860318,无敌暴龙裤衩,29
萩原研二,5726824,BV15ffSYXEri,[时间煮雨&戏文说/警校组]相逢难逃别离,1737986874,2025-01-27 22:07:54,22257,12,2,113,2094880563,奈鹤山江,29
萩原研二,5726824,BV1sqfmYFEJw,【萩松/解密推理互动视频】海上列车,1737983701,2025-01-27 21:15:01,11780,97,407,3069,19545662,Yuki悠扬,29
萩原研二,5726824,BV1FxfUY4Ecn,【警五团片vlog】他们的故事，从警校开始,1737972875,2025-01-27 18:14:35,5328,46,6,95,3546710825503349,九九九感冒1,29
萩原研二,5726824,BV14VfzYCEzW,【爆处组/萩松MAD】“你说句话啊。”,1737897075,2025-01-26 21:11:15,7066,22,5,243,515769306,80的三次方,29
萩原研二,5726824,BV1NofzY5EiA,さくらさくら会いたいよ,1737894090,2025-01-26 20:21:30,2341,15,3,10,75577540,HondoEimi,29
萩原研二,5726824,BV1jLf6YwEe1,最近的一些爆处组（含新努努）,1737890923,2025-01-26 19:28:43,172,6,0,88,341467209,我走了哦,30
萩原研二,5726824,BV16sFFedEVQ,是hagi变装,1737827036,2025-01-26 01:43:56,264,5,0,9,568203,阿瓦达啃尼玛,30
萩原研二,5726824,BV1kVfHYSEJN,1107萩原研二摆阵存档,1737711034,2025-01-24 17:30:34,444,9,1,33,438510696,浣能四点,30
萩原研二,5726824,BV1d9w1enEN1,一个人出警校五人组：我们的记忆刻在灵魂里,1737336917,2025-01-20 09:35:17,7141,25,2,23,651194814,扁鱼の,30
萩原研二,5726824,BV1fiwzeBE3A,透，萩，航，光，阵平...,1737266141,2025-01-19 13:55:41,20217,9,0,893,3546827758504911,阿乖吃魔芋,30
萩原研二,5726824,BV1CPwBerEHd,[teeth/警校组/萩原千速/诸伏高明]2.长命也许不够好，但是完美的性命却够长。,1737252460,2025-01-19 10:07:40,17901,18,1,118,2094880563,奈鹤山江,30
萩原研二,5726824,BV1ijwPevEFi,萩原研二篇,1737186605,2025-01-18 15:50:05,113,2,0,25,1386494538,望为有德之人,30
萩原研二,5726824,BV1BuwweaEJy,“I’d never seen somebody look so beautiful”,1737171124,2025-01-18 11:32:04,699,4,1,13,24910033,老肥妮啊,30
萩原研二,5726824,BV1BpwgeRE4Q,我们来不及告别这样也好因为我们永远不告别,1736991483,2025-01-16 09:38:03,1164,9,0,16,651194814,扁鱼の,30
萩原研二,5726824,BV1SFcPepEWL,【名侦探柯南｜爆处组】30秒广告换来萩松幸福未来（bu,1736654449,2025-01-12 12:00:49,1900,9,0,22,3546694226545633,至菜至风,30
萩原研二,5726824,BV1MbcTecE6j,【描改手书／警校组cb向】被罚打扫澡堂,1736654310,2025-01-12 11:58:30,8884,43,18,169,2052530321,九土本土,30
萩原研二,5726824,BV1t8cNeQEta,[警校组/wake/混剪]为正义而死才是我们最终的归宿,1736609461,2025-01-11 23:31:01,8520,51,2,203,2094880563,奈鹤山江,30
萩原研二,5726824,BV1KbcAeyEkY,爆破犯以1200万人质要挟，松田阵平没能完成那个约定......,1736595859,2025-01-11 19:44:19,79895,28,14,363,589756851,忆樱之夏,30
萩原研二,5726824,BV1uhr6YgEMb,我的青春小鸟一样不回来【警校五人组】,1736421667,2025-01-09 19:21:07,2132,32,2,17,30340913,白令习习,30
萩原研二,5726824,BV1cyrLYWEbu,这种视频不能没有我们爆处双星,1736169223,2025-01-06 21:13:43,2973,8,1,17,3461566043261160,RaiCeNly莱森里,30
萩原研二,5726824,BV1tArWYWE5B,[山村操/诸伏高明/警校组/牵丝戏]“人生有死，修短命矣”,1735996616,2025-01-04 21:16:56,48212,25,1,101,2094880563,奈鹤山江,30
萩原研二,5726824,BV1x96HYmE2F,含泪盘点萩原研二、诸伏景光、伊达航人物志！警校组永远的意难平,1735808700,2025-01-02 17:05:00,110265,63,69,1125,508706825,探真动漫,30
萩原研二,5726824,BV1WH6dYqE2m,[Камин - EMIN/JONY  /警校五人组]“我们的默契无人可敌”,1735710975,2025-01-01 13:56:15,4519,7,1,40,2094880563,奈鹤山江,30
萩原研二,5726824,BV1ye6nYrEvt,【名侦探柯南|萩松cos】迪士尼一日约会vlog,1735660800,2025-01-01 00:00:00,308,8,0,103,253528138,小森霧蔵,30
萩原研二,5726824,BV1Za6gYAEgp,【萩原研二中心】彩色复活券,1735528331,2024-12-30 11:12:11,8898,42,108,16,96086454,账号已注销,30
萩原研二,5726824,BV1biCpYfEBu,【警校组】“如今天涯海角成了谁的谁”||青春的颜色,1735303033,2024-12-27 20:37:13,14664,8,2,74,26141567,你喝茶汤不,31
萩原研二,5726824,BV1C8CAYwEkK,[血月/生贺] ❄就这样舞动吧，直至天明❄,1735142420,2024-12-26 00:00:20,216,4,0,149,27461800,血月彼岸,31
萩原研二,5726824,BV1cbCYYLE6J,【警五】最温馨的一集,1735137820,2024-12-25 22:43:40,2072,21,0,19,3546710825503349,九九九感冒1,31
萩原研二,5726824,BV1oTkhYoEaj,警校组｜Wild Police 演戏救人｜刻意的笑,1734788772,2024-12-21 21:46:12,17520,6,1,66,121246305,墨岚城,31
萩原研二,5726824,BV1JtkwYDEgq,【《名侦探柯南》警校五人组原创同人曲】未到达的约定 | “我更想和你们在一起啊”,1734523200,2024-12-18 20:00:00,33784,109,134,237,23233725,殷一然,31
萩原研二,5726824,BV1SwknYnEkw,【名柯手书/萩松萩】享受这间餐厅吧-伪游戏实况,1734434281,2024-12-17 19:18:01,4618,91,14,507,2933165,和綺桃桃,31
萩原研二,5726824,BV1tBkjYgEs7,警校五人组团片结束啦,1734399774,2024-12-17 09:42:54,4170,15,2,20,3546710825503349,九九九感冒1,31
萩原研二,5726824,BV1pyk5YtEkT,萩松】刀不鼠你版本,1734388890,2024-12-17 06:41:30,2626,5,0,10,10508333,呱唧三熊,31
萩原研二,5726824,BV1rYBPYnEiD,走向未来吧，零,1734320981,2024-12-16 11:49:41,473,5,0,8,3546710825503349,九九九感冒1,31
萩原研二,5726824,BV11EBFY5Eu1,【二创/名柯】萩原研二也要padoru padoru,1734264126,2024-12-15 20:02:06,733,27,3,15,720243,仲夏_杂食怪物,31
萩原研二,5726824,BV17tBTYHE2r,【警校五人组】“这是我们四人最后一次相聚那天发生的事”,1734098477,2024-12-13 22:01:17,13326,10,0,78,382056189,Zau_Jam,31
萩原研二,5726824,BV11iqmY5EEe,hagi酱一直都在看着你哦 小阵平,1733891073,2024-12-11 12:24:33,50,2,0,310,12758427,嗜血恶魔喵喵X,31
萩原研二,5726824,BV1D2qWYJENW,当时只道是寻常,1733664011,2024-12-08 21:20:11,1323,6,0,21,2094880563,奈鹤山江,31
萩原研二,5726824,BV1vNi2YXEDK,【1207诸伏景光命日/水镜翻唱/万圣节的新娘/名侦探柯南】クロノスタシス/时停错觉,1733544420,2024-12-07 12:07:00,571,4,0,339,3857410,藤木水镜カガミ,31
萩原研二,5726824,BV1hbiCYzEcD,让我们一起认识一下警校五人组,1733533125,2024-12-07 08:58:45,467,1,0,145,3546814775036137,这海胆真帅丨反雷安,31
萩原研二,5726824,BV1oHzRY9EQN,【名侦探柯南】把工藤家当什么呢？兰对于研二带她飙车和兰对于有希子新一带她飙车,1733287185,2024-12-04 12:39:45,9150,104,15,102,515483337,情绪不定的小仔仔,31
萩原研二,5726824,BV1NAzXYFE61,柯南第1136话，萩原带着小小兰飙车，兰的反应萌化人心,1733278814,2024-12-04 10:20:14,27784,283,57,101,9882981,Monters_,31
萩原研二,5726824,BV11Q6MYrEdm,波洛咖啡厅讨厌您来（降松cb/微萩松）,1733151858,2024-12-02 23:04:18,9625,20,8,39,14458282,阿清只是一棵猴面包树,31
萩原研二,5726824,BV1eh6KY7EeZ,【萩原研二】啥叫过度女性化啊,1733142700,2024-12-02 20:31:40,960,6,0,24,108908286,不是酒席是九溪,31
萩原研二,5726824,BV1wgznYNEGr,【萩原研二x松田阵平】白马2,1732961116,2024-11-30 18:05:16,501,2,0,14,7256804,米饭炒蘑菇,31
萩原研二,5726824,BV139BmYdEUe,1135 小小兰与萩原研二同车的一幕,1732655849,2024-11-27 05:17:29,769,3,0,49,437853685,蘭宝11,32
萩原研二,5726824,BV1Cqz5YHE6x,警校五人组，一个人身上却有五个人的影子,1732626660,2024-11-26 21:11:00,1153,1,0,197,3546604074174811,爱看动漫的along,32
萩原研二,5726824,BV1BfBWYNE5V,真男人从不回头看爆炸,1732426703,2024-11-24 13:38:23,400,5,0,10,323857440,啾世主正在吃蜜果羹,32
萩原研二,5726824,BV1m6B2Y1Eze,我们警校组也是有默杀片尾了,1732373072,2024-11-23 22:44:32,4000,7,0,17,1133265758,虚月朽,32
萩原研二,5726824,BV1BDBkYpEEj,【彩色复活卷/警五中心向】请给我的葬礼放个大喇叭,1732344949,2024-11-23 14:55:49,47358,77,29,29,1264514029,焰火耶比,32
萩原研二,5726824,BV1zgByY4Ep2,松田阵平工藤新一｜就知道这俩人肯定不对付~,1732331676,2024-11-23 11:14:36,24862,60,1,80,630116935,Coffeecookie_,32
萩原研二,5726824,BV1W6UQY7E4V,一瞬好短 怎却望穿走马灯【名侦探柯南 |转身即心痛】,1732210914,2024-11-22 01:41:54,2964,4,0,42,287120099,抱月亮の皮卡丘,32
萩原研二,5726824,BV1i6SKYCEbG,【萩原研二x松田阵平】无处安放的思念从何而起,1732074717,2024-11-20 11:51:57,235,4,0,26,7256804,米饭炒蘑菇,32
萩原研二,5726824,BV1qtUxY8EwH,警校五人组合唱《APT.》是青春记忆的涌动！,1731970800,2024-11-19 07:00:00,109710,31,107,38,244857361,阿笠博士音乐研究所,32
萩原研二,5726824,BV1yjUzYLEja,“只有一片花瓣的樱花”,1731810697,2024-11-17 10:31:37,126,5,1,26,1369579140,邪恶的橙子酱,32
萩原研二,5726824,BV1F9UYYdEPF,你们从未离去，一直在我心里,1731771331,2024-11-16 23:35:31,676,2,0,179,3546604074174811,爱看动漫的along,32
萩原研二,5726824,BV1yfmdYoEon,看這段的時候 我好像不能呼吸,1731667210,2024-11-15 18:40:10,30498,4,2,198,1058300086,名侦探柯南动画剪辑,32
萩原研二,5726824,BV1M8moYiEfW,【萩原研二x松田阵平】我的白马你慢些走,1731661988,2024-11-15 17:13:08,607,6,0,14,7256804,米饭炒蘑菇,32
萩原研二,5726824,BV1LeUTYCEr3,【柯南与日剧】生的伟大，死的草率！求婚之际莫名被杀，原因竟是…《向太阳怒吼》柴田纯刑事殉职,1731661200,2024-11-15 17:00:00,3691,37,6,661,369691411,Vermouth_小贝,32
萩原研二,5726824,BV1GeU5YoECU,晚上好啊！,1731589218,2024-11-14 21:00:18,882,3,0,11,2048406916,松田志平,32
萩原研二,5726824,BV1MkU5YHE8t,萩原阵平,1731589171,2024-11-14 20:59:31,1301,1,0,11,2048406916,松田志平,32
萩原研二,5726824,BV1iqUuYJEvz,进来挨撞,1731513017,2024-11-13 23:50:17,94,10,0,6,1480980728,hagiwara的天使光环,32
萩原研二,5726824,BV1mvmmY3E7Y,命运..........,1731329378,2024-11-11 20:49:38,1191,1,0,16,2048406916,松田志平,32
萩原研二,5726824,BV18umqYEEfG,破产时期研二酱的八方来财,1731200450,2024-11-10 09:00:50,405,2,0,13,7938143,你开心哥来了,32
萩原研二,5726824,BV1rtDdYfEv7,不能让我白p,1731043640,2024-11-08 13:27:20,139,0,0,13,1480980728,hagiwara的天使光环,33
萩原研二,5726824,BV1R5DDYAErQ,萩松｜死神,1730998917,2024-11-08 01:01:57,727,9,5,179,102790761,你呱天下第一,33
萩原研二,5726824,BV14uDQYxEPA,【名侦探柯南/萩松cos】离别、重逢与奇迹都与你有关,1730993761,2024-11-07 23:36:01,222,6,0,89,253528138,小森霧蔵,33
萩原研二,5726824,BV1sGDQYWEug,【萩原研二/松田阵平】1107萩松重逢，向天堂奔去,1730992417,2024-11-07 23:13:37,575,7,0,61,121246305,墨岚城,33
萩原研二,5726824,BV1fzDUYMEHC,【名侦探柯南】游戏里萩原研二语音片段,1730985261,2024-11-07 21:14:21,1705,13,0,38,15647323,モロフシヒロミツ,33
萩原研二,5726824,BV12sDUYmEEa,241107｜四季交替 梦境更迭,1730983253,2024-11-07 20:40:53,2327,12,2,65,24910033,老肥妮啊,33
萩原研二,5726824,BV1CzSyYfEGB,又是一年冬，不知你们在那边是否安好呢？今年的冬天，依旧很冷呢……,1730952026,2024-11-07 12:00:26,14016,9,1,158,513644755,景雪温日照,33
萩原研二,5726824,BV1a8D1YmEoM,高分高虐！爆破组二十一周年纪念日！！柯南最大意难平！出场十几分钟却让人几十年难忘的白月光——松田阵平！今日为你带来爆破组二人的故事《震撼警视厅 1200万人质》,1730952021,2024-11-07 12:00:21,2006,15,2,1995,82653776,名探偵鈴木魚園子,33
萩原研二,5726824,BV16YD2YeEpq,一起走吧,1730948857,2024-11-07 11:07:37,100,4,0,11,1480980728,hagiwara的天使光环,33
萩原研二,5726824,BV1yMDLYnEmb,【名侦探柯南COS】萩松一日约会vlog,1730948700,2024-11-07 11:05:00,578,9,1,115,253528138,小森霧蔵,33
萩原研二,5726824,BV13tSUYXEHY,研二酱想被小阵平一直注视,1730937652,2024-11-07 08:00:52,2073,10,0,31,102790761,你呱天下第一,33
萩原研二,5726824,BV1urDLYZEFf,【乐意效劳｜萩松】,1730908824,2024-11-07 00:00:24,1467,9,0,27,1095110452,云垣y,33
萩原研二,5726824,BV1XgD5YFE9a,【名侦探柯南cos|萩松萩】青を掬う,1730908800,2024-11-07 00:00:00,1422,18,7,234,18731541,魔法少年子铭,33
萩原研二,5726824,BV1WnSVY6EHE,【1107】时间不够或想要放松时请使用它,1730908800,2024-11-07 00:00:00,11249,42,15,46,14146654,红梅无悔,33
萩原研二,5726824,BV1qBDgYsEFH,你随口说的话，我却当了真。,1730860245,2024-11-06 10:30:45,131,0,0,50,1537274172,Einn-n,33
萩原研二,5726824,BV1TMDbYZEc6,这张好看，我先偷跑一下,1730788263,2024-11-05 14:31:03,153,7,0,20,1480980728,hagiwara的天使光环,33
萩原研二,5726824,BV1pES1YwEyW,【爆处组|Cos】猛踹幼驯染那条好腿,1730616366,2024-11-03 14:46:06,56,0,0,10,18731541,魔法少年子铭,33
萩原研二,5726824,BV1BYSBYBERg,【名柯‖警校五人组】“于我而言，那段回忆最是珍贵。”,1730549111,2024-11-02 20:05:11,584,4,0,164,15820244,爱喝茶的阿言,33
萩原研二,5726824,BV12cSEYfEPf,【基德的Bill】我的最新作品，快来一睹为快！,1730351240,2024-10-31 13:07:20,183,0,0,15,1396888600,基德的Bill,33
萩原研二,5726824,BV1nJS3YYEk9,【熟】再次挑战！！PICO PARK 2【名侦探柯南声真似】【with白马】,1730293063,2024-10-30 20:57:43,7130,22,29,592,279438578,kashin_0,33
萩原研二,5726824,BV1tJyrY7EFR,警校五人组大合照（包甜的）,1729759572,2024-10-24 16:46:12,732,18,2,64,493837517,新兰永恒68,34
萩原研二,5726824,BV1UbyfYPEAz,放个小萩！,1729687407,2024-10-23 20:43:27,149,6,0,15,1480980728,hagiwara的天使光环,34
萩原研二,5726824,BV1N71FYhEpx,名柯人物专辑之 萩原研二（16）,1729678947,2024-10-23 18:22:27,214,3,2,46,493837517,新兰永恒68,34
萩原研二,5726824,BV1pmyLYAEP6,真是太傻了，不把心意说出来对方是不会明白的。,1729514161,2024-10-21 20:36:01,564,0,0,63,24973857,牧云和尘埃,34
萩原研二,5726824,BV1HwCDYoEj6,【名柯】警校五人组｜shepreaky,1729266031,2024-10-18 23:40:31,80,0,0,14,670975050,Fan155555,34
萩原研二,5726824,BV1mGyNYLExw,来自爆处组的兄弟情,1729162201,2024-10-17 18:50:01,293,0,0,15,7938143,你开心哥来了,34
萩原研二,5726824,BV16YmNYkEw9,终究还是只剩了一个人,1729130400,2024-10-17 10:00:00,210,2,0,38,629116029,沐1218,34
萩原研二,5726824,BV17zmjYME4G,"【警校组/星月神话】我的一生最美好的场景,就是遇见YOU(你们)",1728905528,2024-10-14 19:32:08,1229,2,0,113,121246305,墨岚城,34
萩原研二,5726824,BV1Dgm5Y7ELQ,『警校组』一个人的合照,1728897521,2024-10-14 17:18:41,1242,8,0,9,11964391,甘枕落,34
萩原研二,5726824,BV1zTm3Y9Eqg,【警校五人组】樱花樱花想见你 | 和你认识真好，是真的很好很好！,1728878400,2024-10-14 12:00:00,100452,129,200,300,244857361,阿笠博士音乐研究所,34
萩原研二,5726824,BV1wx26Y3EV3,国中小萩来警校打卡的珍贵影像！,1728833401,2024-10-13 23:30:01,104,13,0,9,1480980728,hagiwara的天使光环,34
萩原研二,5726824,BV1Rv2BYxEtf,杭州cp30|漫展之行volg,1728823430,2024-10-13 20:43:50,425,3,1,626,18731541,魔法少年子铭,34
萩原研二,5726824,BV1KK21Y8EWx,【名侦探柯南主线reaction】EP352风之女神，萩原千速下集,1728815400,2024-10-13 18:30:00,2981,7,2,1164,324833894,奈奈的休闲时光,34
萩原研二,5726824,BV11T21YZEuc,【名侦探柯南主线reaction】EP351风之女神，萩原千速上集,1728813600,2024-10-13 18:00:00,3332,7,6,1373,324833894,奈奈的休闲时光,34
萩原研二,5726824,BV13Q2MYPEFM,猫猫探头，让我看看,1728516724,2024-10-10 07:32:04,185,5,0,10,1480980728,hagiwara的天使光环,34
萩原研二,5726824,BV1WC2EYJEn3,有八个蛋！快去疏散群众！,1728355407,2024-10-08 10:43:27,805,7,0,10,1480980728,hagiwara的天使光环,34
萩原研二,5726824,BV1ep12YCEZe,阵平酱！看我看我！Ｏ(≧∇≦)Ｏ,1728309894,2024-10-07 22:04:54,779,12,0,8,1700556235,卡卡没画刀,34
萩原研二,5726824,BV1DG1mYuEHx,等一下！阵平酱！,1728301709,2024-10-07 19:48:29,1397,9,1,14,1700556235,卡卡没画刀,34
萩原研二,5726824,BV1nM1yYLEkm,【警五】当警校五人组拿了地下的魔宫舞会的剧本～（内含景零）参考格林童话剧场版里的破舞鞋，有兴趣的可以去看看哦～,1728295679,2024-10-07 18:07:59,5059,16,10,115,1648531056,降谷夫人-,34
萩原研二,5726824,BV13G1BYEEDA,【CP30】部分警校组爆处组相关无料和制品分享,1728229508,2024-10-06 23:45:08,432,5,0,1144,12172426,懒惰小熊不想说话,34
萩原研二,5726824,BV1MH1BYGEWZ,【CP30】警校街胜利结算（甜点师版）,1728221207,2024-10-06 21:26:47,457,18,0,11,12947730,张朴初_念pu不念piao,35
萩原研二,5726824,BV15w1iY7ERx,都说了，hagi酱没有对手哦~,1728216946,2024-10-06 20:15:46,65,6,0,13,3546684860664519,程抚凌,35
萩原研二,5726824,BV1Lq1RYKEBx,【名侦探柯南剧场版reaction】M25万圣节的新娘,1728124010,2024-10-05 18:26:50,210516,53,278,6415,324833894,奈奈的休闲时光,35
萩原研二,5726824,BV1WCxXeyEcP,金毛混蛋你…,1727967420,2024-10-03 22:57:00,12118,25,6,32,1920427826,莫听妖言惑,35
萩原研二,5726824,BV1cxxQeMEqF,禁止吸烟40m的娃抱的好爽，想要,1727948776,2024-10-03 17:46:16,685,6,0,15,1480980728,hagiwara的天使光环,35
萩原研二,5726824,BV1BW4geHESX,【名侦探柯南主线reaction】EP328疯狂警察故事 萩原研二篇,1727866177,2024-10-02 18:49:37,2739,10,8,1461,324833894,奈奈的休闲时光,35
萩原研二,5726824,BV1du43eSEnz,【名侦探柯南主线reaction】EP327疯狂警察故事 伊达航篇,1727863631,2024-10-02 18:07:11,2829,3,12,1406,324833894,奈奈的休闲时光,35
萩原研二,5726824,BV1424geiEvB,【名侦探柯南主线reaction】EP326疯狂警察故事 松田阵平篇,1727862245,2024-10-02 17:44:05,4170,6,9,1489,324833894,奈奈的休闲时光,35
萩原研二,5726824,BV1cGx1eXE75,次元破壁💡萩原研二真人版来咯！名侦探柯南AI真人版系列,1727621872,2024-09-29 22:57:52,16232,80,4,14,380488536,燕朝寒,35
萩原研二,5726824,BV1d4x1eGE9j,5-4=0,1727618615,2024-09-29 22:03:35,451,0,0,61,3493108687833767,环君带着so酱潜逃了,35
萩原研二,5726824,BV1WDtZeAEt9,这难道不该是寻常的无聊一日…….吗？,1727517600,2024-09-28 18:00:00,2252,28,2,14,3546708608813594,悬着的心终于起飞了_,35
萩原研二,5726824,BV111tZevEe7,萩萩脑瓜子一转，发现是好事,1727258400,2024-09-25 18:00:00,2921,26,0,16,3546708608813594,悬着的心终于起飞了_,35
萩原研二,5726824,BV1Rwsme5EM4,当你漫展结束后突然发现作业还没交,1727069254,2024-09-23 13:27:34,569,0,0,12,438400239,未闻剑名,35
萩原研二,5726824,BV1FTpneuEEy,一只摸鱼摆烂阴差萩,1726912800,2024-09-21 18:00:00,2570,29,1,16,3546708608813594,悬着的心终于起飞了_,35
萩原研二,5726824,BV1UktzeREyo,【萩松】｜What Makes You Beautiful.,1726904298,2024-09-21 15:38:18,3230,6,1,112,24910033,老肥妮啊,35
萩原研二,5726824,BV1bWt6eoEny,如果他们的故事就在这里结束,1726900442,2024-09-21 14:34:02,1060,1,0,71,30236075,千山墨云,35
萩原研二,5726824,BV1PYt6eDE6H,【名柯切煤记录】hagi含量过高的第三次切煤！,1726896290,2024-09-21 13:24:50,332,0,0,336,399450735,全自动过劳一体机,35
萩原研二,5726824,BV11VtrepEAa,【熟】萩原是天才？！PICO PARK 2【名侦探柯南警校组声真似】【with白马】,1726892877,2024-09-21 12:27:57,9018,14,29,600,279438578,kashin_0,35
萩原研二,5726824,BV1MwbFeCEmP,年轻的警察们，奔向了各自不同的未来,1726822834,2024-09-20 17:00:34,1111,7,0,58,249567257,YOYO的虚度日常,35
萩原研二,5726824,BV14HtoeAEPM,【描改】吃吃小阵平！,1726806305,2024-09-20 12:25:05,748,7,0,12,1095110452,云垣y,36
萩原研二,5726824,BV1QEtQefErP,在澡堂打闹被教官发现了,1726758413,2024-09-19 23:06:53,130,10,0,9,1480980728,hagiwara的天使光环,36
萩原研二,5726824,BV1gNtXebEZR,“从此看不到你的脸”,1726747608,2024-09-19 20:06:48,291,1,1,9,3546391917889773,格兰利威-,36
萩原研二,5726824,BV11ytWeMEEN,多年之后回来的到底是降谷零还是安室透,1726729522,2024-09-19 15:05:22,464,7,0,13,3546391917889773,格兰利威-,36
萩原研二,5726824,BV1httHeGEiZ,嘿嘿我套个模板,1726720692,2024-09-19 12:38:12,54,2,1,9,1480980728,hagiwara的天使光环,36
萩原研二,5726824,BV1SRtVeDEqK,【熟】班长转行做伐木工？！警察学校组GTA5！！！【名侦探柯南声真似】【切片自熟】【with白马】,1726632488,2024-09-18 12:08:08,4539,12,48,392,279438578,kashin_0,36
萩原研二,5726824,BV1VutieDEgR,奇了个老怪了，这个视频的瞳色怎么这么显？,1726579369,2024-09-17 21:22:49,93,6,0,9,1480980728,hagiwara的天使光环,36
萩原研二,5726824,BV1Cj4de9Eqr,【名侦探柯南声真似】治安最差！？警察学校组！！GTA5【with白馬】,1726556026,2024-09-17 14:53:46,4893,7,61,7941,279438578,kashin_0,36
萩原研二,5726824,BV1Zvtae7EEa,或许离别太久已经不适合重逢了,1726553825,2024-09-17 14:17:05,2462,5,0,50,3493108687833767,环君带着so酱潜逃了,36
萩原研二,5726824,BV14Wt4eJE2v,铁子们我来了,1726502378,2024-09-16 23:59:38,162,20,0,14,1480980728,hagiwara的天使光环,36
萩原研二,5726824,BV17D4oeJEnx,群英荟萃，可喜可贺！,1726232263,2024-09-13 20:57:43,185,5,0,11,2048406916,松田志平,36
萩原研二,5726824,BV1J14oeXEPH,爱意随风起，风止意难平,1726231878,2024-09-13 20:51:18,739,4,0,20,2048406916,松田志平,36
萩原研二,5726824,BV1rN4feZE5e,“下辈子还当幼驯染对吧，hagi……”,1726218627,2024-09-13 17:10:27,84,0,1,8,3546391917889773,格兰利威-,36
萩原研二,5726824,BV18xHxeqEaS,们办公室的椅子一天翻八回,1726135200,2024-09-12 18:00:00,2362,22,0,10,3546708608813594,悬着的心终于起飞了_,36
萩原研二,5726824,BV1StHxeKEEe,偷看一眼阴·萩原研二·差的一天,1725962400,2024-09-10 18:00:00,3581,45,3,30,3546708608813594,悬着的心终于起飞了_,36
萩原研二,5726824,BV1nppJeuEio,【中字】全网最全！青山刚昌2024文化祭访谈！柯南M28的一些细节公布？！,1725877168,2024-09-09 18:19:28,23617,297,153,2134,702964214,少卿大理寺,36
萩原研二,5726824,BV1BCpze4EWp,【警o日常 第二集加长版】居然还有第二集？！,1725810191,2024-09-08 23:43:11,2185,41,10,515,19545662,Yuki悠扬,36
萩原研二,5726824,BV1UDpYe4Ebk,松田:都说了不要跟那家伙玩！,1725775631,2024-09-08 14:07:11,883,9,1,13,1480980728,hagiwara的天使光环,36
萩原研二,5726824,BV1FxHfe2ECz,发个成功的,1725678987,2024-09-07 11:16:27,182,8,0,10,1480980728,hagiwara的天使光环,37
萩原研二,5726824,BV1w9HXePEGt,【警校五人组｜玄鸟】只为遇见你一生遥望,1725637435,2024-09-06 23:43:55,1237,4,0,246,401018487,梦惊回,37
萩原研二,5726824,BV1L1H9etEiP,[名侦探柯南]警察学校篇，萩原研二，“看来偶尔，踩一下油门也不是什么坏事”,1725631829,2024-09-06 22:10:29,104,0,0,150,3461566798235657,三三大福,37
萩原研二,5726824,BV1z9HDesEAf,看，博主又急眼了,1725627514,2024-09-06 20:58:34,143,14,0,7,1480980728,hagiwara的天使光环,37
萩原研二,5726824,BV1ugH4eqEFc,开盒 迷你角色橡皮发圈Vol2 警校组,1725373585,2024-09-03 22:26:25,835,3,0,140,669376280,Satoni0383,37
萩原研二,5726824,BV12yHaeUEZR,照片,1725183691,2024-09-01 17:41:31,237,10,0,15,1220068368,江淮沐,37
萩原研二,5726824,BV1RSnfeKEZW,“我用生命换人民安全。”,1725110664,2024-08-31 21:24:24,227,0,0,23,3546699400219433,Frisozouzg,37
萩原研二,5726824,BV1RSnfeKEgW,“我从未想过你会离去。”,1725110073,2024-08-31 21:14:33,215,0,0,102,3546699400219433,Frisozouzg,37
萩原研二,5726824,BV1HXnZeLERk,每次见面你都更加挺拔,1725090061,2024-08-31 15:41:01,7120,38,4,23,505898995,居安_JUAN_,37
萩原研二,5726824,BV17iH7eZEaU,两年前欠下的花絮终于…,1725034519,2024-08-31 00:15:19,1188,6,0,466,18731541,魔法少年子铭,37
萩原研二,5726824,BV17MHGekEcX,【警校组×SAKURA】与你在春天许下的愿望，仍牢记在我心中...,1724985652,2024-08-30 10:40:52,7448,11,1,356,3546625062472444,我不大丈夫了,37
萩原研二,5726824,BV1yzHNeKEQt,一封给对方的诀别信,1724920706,2024-08-29 16:38:26,376,6,0,33,405334076,蓝雨在逃成员,37
萩原研二,5726824,BV16gs5efEuX,【警校五人组/降谷零中心向】樱花有五片花瓣……五减四等于多少？,1724898931,2024-08-29 10:35:31,1663,0,0,90,346406214,佐拉伊斯尔,37
萩原研二,5726824,BV1yRsueWEYM,御萩菓 萩原研二属性 20cm棉花娃娃,1724871151,2024-08-29 02:52:31,281,4,0,80,2911243,咱家喜静,37
萩原研二,5726824,BV1dasuegEvh,【爆处混剪】如果有你在,1724842211,2024-08-28 18:50:11,418,0,0,55,438400239,未闻剑名,37
萩原研二,5726824,BV1vusMeKEjo,名侦探柯南-警校五人组的宿命 泪目了,1724828400,2024-08-28 15:00:00,1335,4,0,124,3537117315599143,黑羽怪盗鱼,37
萩原研二,5726824,BV16dsNeTEsg,「名柯萩松」“死亡不是结束，遗忘才是”,1724816870,2024-08-28 11:47:50,1063,8,0,18,353982157,晋江bzi,37
萩原研二,5726824,BV1PysxeKEx8,［警五］“也许我该放下了”,1724750557,2024-08-27 17:22:37,400,0,0,122,3494379773758431,辣卤草莓,37
萩原研二,5726824,BV1QDWrepETN,5-4=0,1724585533,2024-08-25 19:32:13,731,2,0,189,53292580,每天都是上上倩,37
萩原研二,5726824,BV1WCW6euEwR,【萩松】故にユーエンミー（所以你和我）,1724563569,2024-08-25 13:26:09,12567,32,5,82,13955794,坠入樱桃味的梦,38
萩原研二,5726824,BV16NWBe4EcP,【警校组】Blessing for your everyday,1724562427,2024-08-25 13:07:07,1205,4,0,37,450481734,七叶seven-leaves,38
萩原研二,5726824,BV1kdWveRE3m,【萩松萩】回不去的何止时间,1724518268,2024-08-25 00:51:08,1215,5,1,34,438400239,未闻剑名,38
萩原研二,5726824,BV1pyWQeMEoy,条子跟娱乐场所的火花,1724420612,2024-08-23 21:43:32,567,1,0,19,153363992,一只言鸽子,38
萩原研二,5726824,BV11vWSeiEid,羊羊小心愿～,1724409353,2024-08-23 18:35:53,757,30,1,26,1480980728,hagiwara的天使光环,38
萩原研二,5726824,BV1U9etegEmr,刘海翻车但再不出门要被狠揍版．萩原,1724407200,2024-08-23 18:00:00,3063,24,1,15,3546708608813594,悬着的心终于起飞了_,38
萩原研二,5726824,BV1DFW5ekE6H,"一个人还能干什么呢..........可以当卧底，当咖啡店店员，可以当侦探，可以当日本公安,可以弹吉他，可以做饭......可以活成你们的样子",1724330750,2024-08-22 20:45:50,1919,1,1,16,3537119228201663,警五永恒,38
萩原研二,5726824,BV1TiWMeREyc,【降谷零|警校组】载梦行舟|俱 是 旧 景 深,1724252602,2024-08-21 23:03:22,2610,16,2,82,1335066,渔屿Kira,38
萩原研二,5726824,BV1zQWbePEL5,某怪盗超绝抢镜影像,1724217798,2024-08-21 13:23:18,218,4,0,14,1480980728,hagiwara的天使光环,38
萩原研二,5726824,BV1qnpme5EmX,【警校组/降谷零中心】“谁也不知道的这个故事，似乎又不小心哼出来了。”,1724067350,2024-08-19 19:35:50,12401,34,19,273,515769306,80的三次方,38
萩原研二,5726824,BV1RZpCeaEcU,【柯南dommer】你在天台上遇到了个年轻人，但是他看到你转身就走了,1724031715,2024-08-19 09:41:55,1146,7,0,28,19904374,绯樱Moya,38
萩原研二,5726824,BV1cxpye5EUT,拍个萌的,1724030209,2024-08-19 09:16:49,372,9,0,40,1480980728,hagiwara的天使光环,38
萩原研二,5726824,BV1kfWAeYE1c,为什么5-4等于0？因为人死不能复生,1723943805,2024-08-18 09:16:45,170,0,0,84,3493291114891556,降谷零名柯top,38
萩原研二,5726824,BV1zNeVe2EcL,以下视频有0.00000001剧透成分，没看过的三思=͟͟͞͞=͟͟͞͞(●⁰ꈊ⁰● |||),1723839251,2024-08-17 04:14:11,1569,25,0,29,3537109390461392,青荷香留莞棠,38
萩原研二,5726824,BV1C5eGeDEne,萩原の犯沢さんOP「捕まえて、今夜。」,1723814037,2024-08-16 21:13:57,1125,10,1,93,14146654,红梅无悔,38
萩原研二,5726824,BV1sUegeSEZi,一边看弟弟妹妹的同时，拆了个快递,1723800691,2024-08-16 17:31:31,77,1,0,83,2091833453,海啸笑笑笑,38
萩原研二,5726824,BV1DBege4EEc,松田：雇佣高中生当店员是个十分不明智的决定,1723798419,2024-08-16 16:53:39,15867,43,8,66,3493115151256188,DuDuDust,38
萩原研二,5726824,BV1p2eKevEMo,没人发现歌词很贴吗(*∩_∩*)写作业时摸的鱼,1723775605,2024-08-16 10:33:25,493,0,0,20,3546655064328392,皈吟_ono,38
萩原研二,5726824,BV15pebenEbe,【萩原研二】“七年前的相遇救了所有人”,1723722236,2024-08-15 19:43:56,72,0,0,20,3546741165001202,しんらんforever,38
萩原研二,5726824,BV17HeJecEpw,“我这个人啊 只会踩油门 义无反顾地向前冲”,1723616947,2024-08-14 14:29:07,684,1,1,19,3494358416362049,承太郎の幸福生活,38
萩原研二,5726824,BV116e7euEXS,“我那英年早逝的白月光”,1723600142,2024-08-14 09:49:02,14146,14,2,60,3494358416362049,承太郎の幸福生活,39
萩原研二,5726824,BV15LYreSE2f,偷带一下小阵平的墨镜（让我更个库存吧，在展子里跳手势舞跳急眼了没怎么拍）,1723524512,2024-08-13 12:48:32,30,0,0,15,1480980728,hagiwara的天使光环,39
萩原研二,5726824,BV1HCYrehEgB,“最终，他还是一个人活成了五个人的样子”,1723521086,2024-08-13 11:51:26,2945,14,0,26,3493117569271983,柯兰-三角洲行动,39
萩原研二,5726824,BV1ttewewEzW,爆处组双子星，我的意难平……,1723454390,2024-08-12 17:19:50,176,1,0,22,475613599,祁氿氿,39
萩原研二,5726824,BV1mt421N71z,如果忘掉过去，那死去的人不就真的死了吗?,1717045814,2024-05-30 13:10:14,2937,5,1,17,2048406916,松田志平,39
萩原研二,5726824,BV1pZ421i7yb,安静的睡去吧，我的朋友,1712754752,2024-04-10 21:12:32,386,2,0,16,2048406916,松田志平,39
萩原研二,5726824,BV1VD421E7Cr,柯南1174话 千速疑发现柯南才是推理的人 千速提起松田的笨蛋行为 最后说重悟也是笨蛋,1709914436,2024-03-09 00:13:56,26536,2,1,504,272491659,絶対女王無,39
